positive_cases,negative_cases,currently_hospitalized,last_update_date,last_update_time,state,recovered_cases,currently_in_icu,new_test_results
8503,35217,500,2020-01-01,01/01/2020 13:00,140561,OH,25992,98,1862
32207,21884,667,2020-01-02,01/02/2020 13:00,93647,MI,6933,57,4572
3778,6454,864,2020-01-03,01/03/2020 13:00,34355,MI,8453,87,3385
7796,75960,472,2020-01-04,01/04/2020 13:00,75805,FL,15790,133,1685
25898,44618,234,2020-01-05,01/05/2020 13:00,70367,NC,2009,55,3663
36342,84948,926,2020-01-06,01/06/2020 13:00,111906,PA,25803,61,2540
13761,63671,322,2020-01-07,01/07/2020 13:00,119409,TX,14596,89,4684
11673,48111,624,2020-01-08,01/08/2020 13:00,79355,PA,12162,8,4917
30949,40613,928,2020-01-09,01/09/2020 13:00,118220,MI,9950,16,3200
41580,86678,868,2020-01-10,01/10/2020 13:00,89173,PA,27801,176,3344
2137,60993,822,2020-01-11,01/11/2020 13:00,3996,IL,2063,116,1140
32281,9848,949,2020-01-12,01/12/2020 13:00,46387,CA,5253,61,3227
14152,79672,475,2020-01-13,01/13/2020 13:00,5089,MI,10581,15,2373
5603,67125,97,2020-01-14,01/14/2020 13:00,100827,MI,1066,193,3729
26000,87444,892,2020-01-15,01/15/2020 13:00,22659,CA,989,150,2214
35300,62602,312,2020-01-16,01/16/2020 13:00,47178,OH,19545,131,1777
36029,73045,689,2020-01-17,01/17/2020 13:00,97965,CA,6561,102,3194
48463,43222,444,2020-01-18,01/18/2020 13:00,83268,PA,6266,54,1098
18952,50223,691,2020-01-19,01/19/2020 13:00,87042,IL,28305,14,2384
49893,66333,144,2020-01-20,01/20/2020 13:00,108471,FL,23451,36,1689
31674,53732,59,2020-01-21,01/21/2020 13:00,72111,OH,16106,105,1261
35936,50420,441,2020-01-22,01/22/2020 13:00,167637,GA,11481,82,2620
47906,76504,349,2020-01-23,01/23/2020 13:00,102435,FL,16444,67,3955
16454,3462,356,2020-01-24,01/24/2020 13:00,91242,NY,11040,10,4748
17686,10460,655,2020-01-25,01/25/2020 13:00,115204,NY,26342,49,794
12856,10275,356,2020-01-26,01/26/2020 13:00,155956,NY,11358,111,4512
33463,95213,658,2020-01-27,01/27/2020 13:00,19199,NY,24585,65,4963
2687,14269,254,2020-01-28,01/28/2020 13:00,62038,IL,23863,57,3898
12207,66942,118,2020-01-29,01/29/2020 13:00,59786,FL,26117,27,3783
35598,73920,834,2020-01-30,01/30/2020 13:00,111636,NC,7380,113,2071
27435,23553,808,2020-01-31,01/31/2020 13:00,51294,TX,1167,133,1603
21725,25366,542,2020-02-01,02/01/2020 13:00,167250,OH,20707,71,3349
4106,45036,99,2020-02-02,02/02/2020 13:00,145737,GA,11215,83,4318
33328,18369,305,2020-02-03,02/03/2020 13:00,2534,PA,28929,57,3342
26989,12795,121,2020-02-04,02/04/2020 13:00,93828,MI,28532,120,1968
14887,71021,822,2020-02-05,02/05/2020 13:00,38132,NY,9118,93,1771
4427,69154,598,2020-02-06,02/06/2020 13:00,117720,GA,15853,15,1182
6796,31143,186,2020-02-07,02/07/2020 13:00,38110,MI,14278,111,1828
30944,30425,352,2020-02-08,02/08/2020 13:00,191826,TX,15287,101,3951
46890,89209,669,2020-02-09,02/09/2020 13:00,65580,GA,4707,119,2242
47393,76139,110,2020-02-10,02/10/2020 13:00,155541,FL,4085,76,1248
3091,6368,767,2020-02-11,02/11/2020 13:00,66016,GA,10384,158,353
45395,5621,638,2020-02-12,02/12/2020 13:00,48233,NY,19663,20,4202
49016,59829,613,2020-02-13,02/13/2020 13:00,131863,TX,14654,165,3642
26647,61294,410,2020-02-14,02/14/2020 13:00,199780,PA,4638,131,2875
39389,15719,37,2020-02-15,02/15/2020 13:00,191304,NC,28577,73,4737
1700,30227,946,2020-02-16,02/16/2020 13:00,108311,CA,18846,122,3433
16221,8566,971,2020-02-17,02/17/2020 13:00,36409,NY,18708,41,4284
19738,13306,546,2020-02-18,02/18/2020 13:00,152396,MI,6471,167,3379
11587,54822,67,2020-02-19,02/19/2020 13:00,141810,TX,1826,154,4408
31316,25042,507,2020-02-20,02/20/2020 13:00,26054,FL,26682,130,2981
23908,16086,306,2020-02-21,02/21/2020 13:00,31709,IL,5891,23,365
40240,18387,143,2020-02-22,02/22/2020 13:00,111321,TX,24557,23,2440
636,28042,340,2020-02-23,02/23/2020 13:00,2363,MI,8558,144,3248
17913,90424,258,2020-02-24,02/24/2020 13:00,12358,CA,23497,9,3459
48614,52618,559,2020-02-25,02/25/2020 13:00,136312,CA,17321,13,1104
19478,93050,911,2020-02-26,02/26/2020 13:00,47689,OH,15838,156,2194
1161,19323,950,2020-02-27,02/27/2020 13:00,3936,NC,21068,155,4817
35740,19019,84,2020-02-28,02/28/2020 13:00,114272,MI,29473,51,3371
27753,76426,663,2020-02-29,02/29/2020 13:00,93074,CA,17170,64,4622
27384,41863,843,2020-03-01,03/01/2020 13:00,177037,OH,28037,52,309
33354,11283,177,2020-03-02,03/02/2020 13:00,2882,OH,29767,38,987
11204,19279,780,2020-03-03,03/03/2020 13:00,153296,OH,16840,100,253
39487,47999,512,2020-03-04,03/04/2020 13:00,107227,TX,28491,193,3693
25027,63780,894,2020-03-05,03/05/2020 13:00,127865,OH,9163,146,514
16822,23908,364,2020-03-06,03/06/2020 13:00,125745,NY,10265,191,3524
48017,62584,234,2020-03-07,03/07/2020 13:00,163897,MI,14639,51,1384
7468,51225,673,2020-03-08,03/08/2020 13:00,30885,NY,15672,137,3248
28018,38952,540,2020-03-09,03/09/2020 13:00,173128,IL,4747,141,868
46864,38663,155,2020-03-10,03/10/2020 13:00,136275,CA,10102,168,1082
28386,62381,969,2020-03-11,03/11/2020 13:00,193313,NC,20902,55,3302
2200,48929,250,2020-03-12,03/12/2020 13:00,135316,OH,10933,109,4774
28746,10343,893,2020-03-13,03/13/2020 13:00,100322,FL,10520,171,3626
35968,77173,902,2020-03-14,03/14/2020 13:00,70619,FL,6742,44,2887
23699,40791,353,2020-03-15,03/15/2020 13:00,23584,CA,19875,110,2310
45089,30134,758,2020-03-16,03/16/2020 13:00,10521,IL,28854,196,1138
32615,48101,44,2020-03-17,03/17/2020 13:00,183089,FL,10642,161,4032
6020,70443,711,2020-03-18,03/18/2020 13:00,35541,NY,4457,152,641
44778,58530,10,2020-03-19,03/19/2020 13:00,31063,GA,21363,164,458
36955,47799,162,2020-03-20,03/20/2020 13:00,72268,TX,21803,128,949
21429,5827,438,2020-03-21,03/21/2020 13:00,128218,PA,15699,105,4622
42105,97143,954,2020-03-22,03/22/2020 13:00,120206,FL,13301,10,2644
15455,63653,517,2020-03-23,03/23/2020 13:00,198024,NC,2839,100,4681
44549,14699,135,2020-03-24,03/24/2020 13:00,172635,OH,13331,148,1931
14417,92419,500,2020-03-25,03/25/2020 13:00,172824,NC,27406,109,1572
5257,6313,491,2020-03-26,03/26/2020 13:00,135639,MI,9610,108,1536
13545,14598,354,2020-03-27,03/27/2020 13:00,149193,TX,9827,140,429
42180,29807,921,2020-03-28,03/28/2020 13:00,134746,NY,21268,190,4454
5233,71423,747,2020-03-29,03/29/2020 13:00,78411,IL,10735,146,4338
31454,70390,230,2020-03-30,03/30/2020 13:00,111876,TX,10064,94,4108
31635,46226,924,2020-03-31,03/31/2020 13:00,199347,PA,27885,63,4822
7581,60550,928,2020-04-01,04/01/2020 13:00,162212,GA,29610,84,1488
41958,81072,732,2020-04-02,04/02/2020 13:00,142399,FL,17361,25,4285
24001,4558,34,2020-04-03,04/03/2020 13:00,25331,IL,19354,12,819
21613,76308,537,2020-04-04,04/04/2020 13:00,25004,IL,11492,149,3335
34941,51113,191,2020-04-05,04/05/2020 13:00,121243,FL,12436,25,4676
47586,53999,508,2020-04-06,04/06/2020 13:00,143564,FL,12039,11,2231
25190,56878,850,2020-04-07,04/07/2020 13:00,187869,FL,27512,64,1200
44439,37343,650,2020-04-08,04/08/2020 13:00,191167,FL,16776,126,772
29845,59219,51,2020-04-09,04/09/2020 13:00,146821,FL,9943,50,616
46813,36186,924,2020-04-10,04/10/2020 13:00,65217,IL,12923,190,2632
45071,37966,490,2020-04-11,04/11/2020 13:00,91044,CA,29082,89,3770
27329,34769,939,2020-04-12,04/12/2020 13:00,11045,CA,25212,99,881
35562,54218,857,2020-04-13,04/13/2020 13:00,22116,NC,2786,116,3623
4130,20229,757,2020-04-14,04/14/2020 13:00,20667,CA,333,96,3658
48361,76209,881,2020-04-15,04/15/2020 13:00,77057,PA,27328,177,2486
32370,28877,448,2020-04-16,04/16/2020 13:00,76205,CA,14529,14,4882
49798,59001,411,2020-04-17,04/17/2020 13:00,29302,IL,18858,1,1689
47721,98137,555,2020-04-18,04/18/2020 13:00,144355,FL,2372,25,1601
45442,39084,354,2020-04-19,04/19/2020 13:00,164007,OH,17450,187,3894
3953,82780,902,2020-04-20,04/20/2020 13:00,74534,OH,17373,72,4418
37775,93892,54,2020-04-21,04/21/2020 13:00,164696,PA,20347,69,3180
43870,17806,655,2020-04-22,04/22/2020 13:00,15440,MI,22638,133,1176
38896,89635,30,2020-04-23,04/23/2020 13:00,113001,IL,3500,105,1200
8828,38034,643,2020-04-24,04/24/2020 13:00,48501,NY,15471,147,602
16034,41317,79,2020-04-25,04/25/2020 13:00,134341,TX,24710,23,1439
20244,56468,873,2020-04-26,04/26/2020 13:00,9868,NC,4642,9,3985
19889,20094,882,2020-04-27,04/27/2020 13:00,163323,NY,3623,118,723
36820,58796,57,2020-04-28,04/28/2020 13:00,79909,IL,18247,94,1986
49670,11589,500,2020-04-29,04/29/2020 13:00,86523,CA,3391,178,3450
35510,58221,560,2020-04-30,04/30/2020 13:00,171801,FL,2588,144,1150
15165,2657,296,2020-05-01,05/01/2020 13:00,17734,NY,10992,33,3872
38365,99300,19,2020-05-02,05/02/2020 13:00,175501,TX,1658,130,4016
9140,40531,551,2020-05-03,05/03/2020 13:00,174409,MI,4790,14,4118
35216,53227,765,2020-05-04,05/04/2020 13:00,173397,OH,6221,1,1429
26021,4164,283,2020-05-05,05/05/2020 13:00,85600,MI,18760,90,4214
30549,94078,965,2020-05-06,05/06/2020 13:00,195586,TX,12298,186,3467
6118,84973,609,2020-05-07,05/07/2020 13:00,10433,FL,4539,89,4051
37504,42247,765,2020-05-08,05/08/2020 13:00,142183,CA,17587,144,2597
2420,20601,390,2020-05-09,05/09/2020 13:00,105986,TX,7620,90,1673
44437,94966,338,2020-05-10,05/10/2020 13:00,65753,NC,26095,175,2734
4688,51599,488,2020-05-11,05/11/2020 13:00,115783,TX,5509,172,2868
12707,72545,24,2020-05-12,05/12/2020 13:00,23751,IL,9770,14,1311
738,5552,525,2020-05-13,05/13/2020 13:00,149525,CA,12206,152,875
33472,10417,200,2020-05-14,05/14/2020 13:00,172040,FL,12034,111,1260
11299,59579,177,2020-05-15,05/15/2020 13:00,163149,OH,29923,183,2483
6052,69207,530,2020-05-16,05/16/2020 13:00,167847,OH,7969,143,2754
29416,73055,630,2020-05-17,05/17/2020 13:00,191216,TX,3056,83,3640
5427,79270,146,2020-05-18,05/18/2020 13:00,50570,IL,24194,72,4797
28464,4722,163,2020-05-19,05/19/2020 13:00,179169,NY,22501,162,4735
11664,71442,397,2020-05-20,05/20/2020 13:00,26503,MI,26058,130,1195
37658,96632,218,2020-05-21,05/21/2020 13:00,135851,MI,10866,27,123
19571,41031,281,2020-05-22,05/22/2020 13:00,88840,MI,19868,74,4819
48909,80235,152,2020-05-23,05/23/2020 13:00,133827,NY,26245,99,3656
6660,22438,620,2020-05-24,05/24/2020 13:00,41263,IL,10186,72,1179
16310,59819,898,2020-05-25,05/25/2020 13:00,110491,MI,10535,23,4418
5626,44856,829,2020-05-26,05/26/2020 13:00,57087,NC,26542,68,278
30509,34576,78,2020-05-27,05/27/2020 13:00,175353,NY,16512,142,2947
34084,42938,256,2020-05-28,05/28/2020 13:00,53482,NY,25381,191,2060
46682,50028,270,2020-05-29,05/29/2020 13:00,187929,FL,25696,117,1573
25896,60807,797,2020-05-30,05/30/2020 13:00,124989,FL,10355,106,4988
692,50877,88,2020-05-31,05/31/2020 13:00,150472,CA,9738,93,1312
36913,98783,667,2020-06-01,06/01/2020 13:00,42115,NC,7856,65,909
13316,44461,632,2020-06-02,06/02/2020 13:00,16249,NC,23432,68,519
39582,94474,779,2020-06-03,06/03/2020 13:00,179897,CA,11956,128,3759
32630,41469,614,2020-06-04,06/04/2020 13:00,112361,NC,15864,63,3916
40642,84136,534,2020-06-05,06/05/2020 13:00,26600,PA,27663,113,1378
36968,21435,781,2020-06-06,06/06/2020 13:00,39706,GA,22239,90,2623
31198,85117,947,2020-06-07,06/07/2020 13:00,21222,MI,3702,81,1540
11155,15191,630,2020-06-08,06/08/2020 13:00,101041,FL,5162,103,1440
48397,85726,339,2020-06-09,06/09/2020 13:00,106504,CA,11977,192,2321
30575,28386,198,2020-06-10,06/10/2020 13:00,43139,CA,24555,160,2492
9859,32721,104,2020-06-11,06/11/2020 13:00,116919,NC,7344,116,1461
37161,55786,626,2020-06-12,06/12/2020 13:00,43302,NY,6472,13,691
40079,14704,17,2020-06-13,06/13/2020 13:00,89838,OH,7205,194,626
42556,57635,76,2020-06-14,06/14/2020 13:00,141718,TX,28044,124,2603
33772,3123,505,2020-06-15,06/15/2020 13:00,146615,TX,20065,147,1392
43081,91710,200,2020-06-16,06/16/2020 13:00,155857,CA,19246,152,1754
15171,63993,375,2020-06-17,06/17/2020 13:00,80353,MI,12329,88,287
27548,81122,777,2020-06-18,06/18/2020 13:00,164478,PA,17056,11,2858
11238,98512,530,2020-06-19,06/19/2020 13:00,90992,MI,7805,187,628
26463,26416,999,2020-06-20,06/20/2020 13:00,53428,CA,13994,15,533
44454,2814,126,2020-06-21,06/21/2020 13:00,25777,MI,12380,10,3612
7273,79537,276,2020-06-22,06/22/2020 13:00,59939,FL,714,41,1904
37084,51258,620,2020-06-23,06/23/2020 13:00,186098,MI,4150,155,402
30394,17508,494,2020-06-24,06/24/2020 13:00,88450,NC,16809,188,4282
1217,86166,518,2020-06-25,06/25/2020 13:00,162625,NC,15822,73,537
12176,79916,307,2020-06-26,06/26/2020 13:00,25548,PA,20224,52,2688
4934,36699,918,2020-06-27,06/27/2020 13:00,196293,FL,15310,128,932
38325,47335,173,2020-06-28,06/28/2020 13:00,170337,OH,16842,28,896
29600,47806,385,2020-06-29,06/29/2020 13:00,127549,NY,3877,65,659
5494,78853,662,2020-06-30,06/30/2020 13:00,173773,FL,6006,17,3688
4734,64768,277,2020-07-01,07/01/2020 13:00,184359,IL,27047,95,861
4264,36739,558,2020-07-02,07/02/2020 13:00,139799,GA,1821,172,3674
44449,35785,83,2020-07-03,07/03/2020 13:00,183789,CA,17833,138,3885
37905,32980,517,2020-07-04,07/04/2020 13:00,165499,IL,20180,63,2614
35372,90335,82,2020-07-05,07/05/2020 13:00,149764,PA,3996,175,784
42715,95702,317,2020-07-06,07/06/2020 13:00,33625,IL,20744,38,4333
23685,86016,208,2020-07-07,07/07/2020 13:00,26918,NC,26272,70,677
43942,2609,139,2020-07-08,07/08/2020 13:00,174208,MI,26303,104,4905
41653,67253,767,2020-07-09,07/09/2020 13:00,116826,NY,7041,53,327
12499,86481,833,2020-07-10,07/10/2020 13:00,116881,TX,27178,172,2428
36987,92128,581,2020-07-11,07/11/2020 13:00,185481,CA,13564,119,2831
3081,29141,800,2020-07-12,07/12/2020 13:00,17577,TX,20292,74,927
3263,31009,624,2020-07-13,07/13/2020 13:00,87155,MI,5346,54,530
27874,7782,817,2020-07-14,07/14/2020 13:00,113776,NC,8484,20,1163
39259,93072,841,2020-07-15,07/15/2020 13:00,101246,NC,27350,79,1809
11031,26933,496,2020-07-16,07/16/2020 13:00,160761,MI,20329,31,1334
25807,78154,862,2020-07-17,07/17/2020 13:00,144226,CA,19061,135,401
31335,9307,160,2020-07-18,07/18/2020 13:00,96948,TX,15469,58,1520
11564,93207,678,2020-07-19,07/19/2020 13:00,23341,FL,16575,105,4728
11812,76874,215,2020-07-20,07/20/2020 13:00,99554,NC,20718,10,868
38048,39346,995,2020-07-21,07/21/2020 13:00,109798,TX,25156,10,1504
37445,51772,188,2020-07-22,07/22/2020 13:00,48330,OH,23076,39,543
48437,73084,206,2020-07-23,07/23/2020 13:00,89759,TX,13744,156,3204
6976,41149,744,2020-07-24,07/24/2020 13:00,88807,OH,11208,158,4455
25065,87700,98,2020-07-25,07/25/2020 13:00,35313,OH,29111,37,3405
2882,28526,808,2020-07-26,07/26/2020 13:00,48900,NC,8228,119,1638
22963,97758,443,2020-07-27,07/27/2020 13:00,80840,CA,17559,67,4030
45776,86712,797,2020-07-28,07/28/2020 13:00,167767,PA,18997,43,1431
33902,69477,757,2020-07-29,07/29/2020 13:00,163297,NC,8268,52,169
26845,6695,192,2020-07-30,07/30/2020 13:00,88072,CA,6961,101,3535
45264,40169,218,2020-07-31,07/31/2020 13:00,98367,CA,9090,56,580
27446,48947,502,2020-08-01,08/01/2020 13:00,51156,IL,29246,76,4194
14662,48224,139,2020-08-02,08/02/2020 13:00,89453,MI,13850,68,3596
49654,46865,674,2020-08-03,08/03/2020 13:00,160901,MI,28625,137,2893
47273,26553,22,2020-08-04,08/04/2020 13:00,27938,MI,17088,106,2992
8897,61410,643,2020-08-05,08/05/2020 13:00,61164,GA,3079,125,1298
22835,91895,880,2020-08-06,08/06/2020 13:00,187602,NC,23624,92,2472
45595,25816,741,2020-08-07,08/07/2020 13:00,62282,CA,7165,23,1992
14894,56026,115,2020-08-08,08/08/2020 13:00,49801,IL,5016,191,1983
27697,51705,384,2020-08-09,08/09/2020 13:00,142537,OH,23284,109,897
22510,62922,591,2020-08-10,08/10/2020 13:00,5326,PA,697,61,117
24623,74914,716,2020-08-11,08/11/2020 13:00,136731,PA,26208,168,143
22887,2881,707,2020-08-12,08/12/2020 13:00,193361,OH,23804,44,254
3390,40567,108,2020-08-13,08/13/2020 13:00,160666,TX,25189,152,3548
28269,48365,603,2020-08-14,08/14/2020 13:00,117819,TX,5722,179,4938
44126,80211,596,2020-08-15,08/15/2020 13:00,6763,MI,18361,186,4180
8526,71122,895,2020-08-16,08/16/2020 13:00,143900,NC,12264,161,1525
3806,26006,861,2020-08-17,08/17/2020 13:00,49588,GA,28519,16,4420
34165,42198,201,2020-08-18,08/18/2020 13:00,13221,IL,1799,22,4412
9777,23831,334,2020-08-19,08/19/2020 13:00,144283,PA,25705,57,3739
42739,17459,988,2020-08-20,08/20/2020 13:00,15569,MI,29271,62,4226
48164,33443,735,2020-08-21,08/21/2020 13:00,39860,NY,22264,107,1992
48508,43316,836,2020-08-22,08/22/2020 13:00,47337,MI,17200,71,997
15183,97131,965,2020-08-23,08/23/2020 13:00,185383,NY,13529,90,3524
1170,65486,476,2020-08-24,08/24/2020 13:00,146587,FL,13896,72,4640
24175,6877,903,2020-08-25,08/25/2020 13:00,73695,CA,4186,70,1358
18389,40553,376,2020-08-26,08/26/2020 13:00,108749,OH,765,30,2115
45035,5922,327,2020-08-27,08/27/2020 13:00,157976,CA,24330,103,4933
13506,5686,153,2020-08-28,08/28/2020 13:00,193007,MI,23095,151,1802
49036,33766,393,2020-08-29,08/29/2020 13:00,45790,CA,26884,32,973
27031,80943,225,2020-08-30,08/30/2020 13:00,70580,IL,14705,86,665
22139,33006,370,2020-08-31,08/31/2020 13:00,7636,FL,17563,57,2118
17133,32422,333,2020-09-01,09/01/2020 13:00,79129,GA,8519,109,1985
35160,13205,24,2020-09-02,09/02/2020 13:00,135964,FL,15284,9,2223
3939,87590,226,2020-09-03,09/03/2020 13:00,23672,PA,24824,31,4742
32672,24527,501,2020-09-04,09/04/2020 13:00,7812,IL,1169,71,2414
36122,19443,960,2020-09-05,09/05/2020 13:00,2654,CA,5363,137,4512
12077,17524,556,2020-09-06,09/06/2020 13:00,56633,GA,16209,13,3983
12263,29202,192,2020-09-07,09/07/2020 13:00,19143,CA,8051,186,3292
20676,66552,279,2020-09-08,09/08/2020 13:00,57934,NC,13019,131,1959
44886,47142,954,2020-09-09,09/09/2020 13:00,69334,NC,1463,35,124
24755,62692,476,2020-09-10,09/10/2020 13:00,105463,TX,4608,21,3603
41503,83384,879,2020-09-11,09/11/2020 13:00,127851,FL,1855,64,4355
20496,21855,621,2020-09-12,09/12/2020 13:00,31087,GA,619,95,1237
35886,84747,528,2020-09-13,09/13/2020 13:00,144690,NC,21947,180,1289
21562,61372,551,2020-09-14,09/14/2020 13:00,10446,TX,11836,34,4898
36431,26095,476,2020-09-15,09/15/2020 13:00,104127,IL,10614,121,4196
36210,39724,314,2020-09-16,09/16/2020 13:00,50867,GA,14788,163,3257
35193,50241,994,2020-09-17,09/17/2020 13:00,184100,TX,7333,15,2467
36240,53003,153,2020-09-18,09/18/2020 13:00,62101,OH,1202,120,4577
12205,69379,120,2020-09-19,09/19/2020 13:00,160272,GA,697,96,1841
43908,95837,241,2020-09-20,09/20/2020 13:00,90074,MI,14047,6,3788
28547,92996,700,2020-09-21,09/21/2020 13:00,194537,TX,19757,109,3846
11466,98454,593,2020-09-22,09/22/2020 13:00,120422,CA,12341,97,997
17874,95283,731,2020-09-23,09/23/2020 13:00,89892,MI,5881,32,4123
11638,16972,741,2020-09-24,09/24/2020 13:00,122044,OH,10897,180,816
16435,94846,601,2020-09-25,09/25/2020 13:00,41148,NC,6356,83,4067
46413,23927,509,2020-09-26,09/26/2020 13:00,84928,NY,23742,156,4121
989,67630,604,2020-09-27,09/27/2020 13:00,153770,TX,10480,118,3315
45016,53347,563,2020-09-28,09/28/2020 13:00,175542,IL,29501,192,490
22760,89860,282,2020-09-29,09/29/2020 13:00,53660,TX,8880,79,3984
26569,87210,712,2020-09-30,09/30/2020 13:00,186982,NY,6654,78,1799
19775,70518,182,2020-10-01,10/01/2020 13:00,37450,OH,12764,147,3137
36784,46283,982,2020-10-02,10/02/2020 13:00,189535,OH,9699,107,332
39678,82326,16,2020-10-03,10/03/2020 13:00,35757,MI,15611,126,2026
33321,13205,164,2020-10-04,10/04/2020 13:00,80012,GA,24486,15,3231
17499,90874,531,2020-10-05,10/05/2020 13:00,108750,IL,4946,134,3406
39212,13748,555,2020-10-06,10/06/2020 13:00,129043,MI,29398,73,2824
40672,22097,557,2020-10-07,10/07/2020 13:00,164462,IL,28066,101,4901
34222,4092,930,2020-10-08,10/08/2020 13:00,58116,IL,28116,98,333
11125,54311,527,2020-10-09,10/09/2020 13:00,146233,NY,26305,166,1491
2129,23692,929,2020-10-10,10/10/2020 13:00,34152,MI,25670,26,2992
11473,24862,923,2020-10-11,10/11/2020 13:00,108379,IL,21282,92,1355
7359,91396,224,2020-10-12,10/12/2020 13:00,22836,PA,6705,125,2638
42109,80507,143,2020-10-13,10/13/2020 13:00,199615,NY,10351,179,3790
43807,81152,294,2020-10-14,10/14/2020 13:00,188720,OH,29951,73,989
45950,71469,135,2020-10-15,10/15/2020 13:00,159403,NY,16143,123,4787
36546,5926,930,2020-10-16,10/16/2020 13:00,143835,CA,12864,53,845
22339,92299,448,2020-10-17,10/17/2020 13:00,71444,CA,3086,184,1819
27716,4969,858,2020-10-18,10/18/2020 13:00,95109,IL,500,187,527
19445,36733,695,2020-10-19,10/19/2020 13:00,152259,MI,19339,198,831
7039,70855,161,2020-10-20,10/20/2020 13:00,145029,OH,10516,78,899
34125,42743,340,2020-10-21,10/21/2020 13:00,137451,NY,3512,92,4397
5386,40876,547,2020-10-22,10/22/2020 13:00,161031,MI,16540,186,935
46213,21323,392,2020-10-23,10/23/2020 13:00,84018,NY,24506,88,234
7985,17428,124,2020-10-24,10/24/2020 13:00,125076,NY,1975,13,2638
31955,35578,903,2020-10-25,10/25/2020 13:00,160177,PA,21027,43,3818
46948,87486,491,2020-10-26,10/26/2020 13:00,133949,CA,4398,76,140
17267,65140,293,2020-10-27,10/27/2020 13:00,181425,NY,3868,51,3467
47665,84829,908,2020-10-28,10/28/2020 13:00,85788,PA,5852,19,2515
28953,7364,84,2020-10-29,10/29/2020 13:00,98870,CA,21317,149,2140
11244,36349,175,2020-10-30,10/30/2020 13:00,85308,PA,12589,122,4439
37602,1691,198,2020-10-31,10/31/2020 13:00,184639,MI,1453,24,3049
12726,96598,87,2020-11-01,11/01/2020 13:00,59913,GA,27086,26,4361
28369,67467,956,2020-11-02,11/02/2020 13:00,4637,CA,21471,173,3566
23088,46896,611,2020-11-03,11/03/2020 13:00,44025,NC,6697,156,3188
13940,58062,697,2020-11-04,11/04/2020 13:00,101508,GA,14791,120,4923
32209,98266,30,2020-11-05,11/05/2020 13:00,84464,MI,4411,82,1215
48288,80762,575,2020-11-06,11/06/2020 13:00,30742,NY,15407,100,4678
22995,14861,193,2020-11-07,11/07/2020 13:00,13831,OH,10894,157,2690
37519,97837,880,2020-11-08,11/08/2020 13:00,115768,MI,3034,17,3673
45448,89302,231,2020-11-09,11/09/2020 13:00,87092,PA,16506,68,3078
49408,64928,836,2020-11-10,11/10/2020 13:00,92879,PA,10494,44,2547
1422,84231,337,2020-11-11,11/11/2020 13:00,90370,PA,17693,61,1330
28026,42347,188,2020-11-12,11/12/2020 13:00,128537,PA,26972,123,2766
8457,4121,797,2020-11-13,11/13/2020 13:00,179834,MI,9040,93,4954
49064,84793,121,2020-11-14,11/14/2020 13:00,106824,OH,17288,196,4358
34498,29164,745,2020-11-15,11/15/2020 13:00,90741,TX,8425,74,2694
43895,26491,735,2020-11-16,11/16/2020 13:00,20830,PA,20900,153,3530
24531,60222,68,2020-11-17,11/17/2020 13:00,57044,TX,10729,67,3017
10506,24165,336,2020-11-18,11/18/2020 13:00,75948,OH,25109,111,3052
38201,4748,914,2020-11-19,11/19/2020 13:00,71202,OH,5241,2,2095
47563,99581,630,2020-11-20,11/20/2020 13:00,39045,GA,21452,89,3991
26439,27553,906,2020-11-21,11/21/2020 13:00,109509,CA,3771,177,406
49645,61380,678,2020-11-22,11/22/2020 13:00,159699,NC,28412,198,1462
20824,45331,200,2020-11-23,11/23/2020 13:00,17198,IL,7392,26,2202
23367,97033,209,2020-11-24,11/24/2020 13:00,71521,NC,15538,99,3130
703,97844,321,2020-11-25,11/25/2020 13:00,108471,MI,23485,27,432
17044,40560,717,2020-11-26,11/26/2020 13:00,31475,IL,12331,89,2852
16399,54865,44,2020-11-27,11/27/2020 13:00,21403,OH,18582,146,342
29563,47686,388,2020-11-28,11/28/2020 13:00,5681,NC,14611,182,1984
25844,76910,396,2020-11-29,11/29/2020 13:00,93555,FL,11209,1,1532
4248,5675,767,2020-11-30,11/30/2020 13:00,120884,CA,8544,189,2650
39986,67706,246,2020-12-01,12/01/2020 13:00,95122,NC,21545,103,402
1593,78986,625,2020-12-02,12/02/2020 13:00,117260,CA,15705,131,4430
15728,77216,528,2020-12-03,12/03/2020 13:00,175364,TX,13126,196,3209
21384,11068,292,2020-12-04,12/04/2020 13:00,107386,MI,9421,41,2286
25683,55460,10,2020-12-05,12/05/2020 13:00,138701,CA,19748,165,4390
16534,47418,740,2020-12-06,12/06/2020 13:00,95246,TX,5535,51,1650
6210,27206,473,2020-12-07,12/07/2020 13:00,97864,PA,8593,15,1892
43000,1287,239,2020-12-08,12/08/2020 13:00,10417,TX,6791,8,746
19759,23337,976,2020-12-09,12/09/2020 13:00,120888,MI,26653,38,4756
36459,21666,181,2020-12-10,12/10/2020 13:00,167837,GA,2863,114,812
33957,2161,96,2020-12-11,12/11/2020 13:00,76499,PA,20489,83,4608
20643,91071,562,2020-12-12,12/12/2020 13:00,132908,OH,3341,56,637
2603,99064,132,2020-12-13,12/13/2020 13:00,189646,NY,3157,175,334
865,39751,852,2020-12-14,12/14/2020 13:00,29675,TX,17034,103,2496
47278,83063,307,2020-12-15,12/15/2020 13:00,173635,TX,5674,138,1604
45035,90389,894,2020-12-16,12/16/2020 13:00,13332,CA,5511,102,1474
16603,15758,938,2020-12-17,12/17/2020 13:00,21177,OH,1687,78,4611
33010,66780,699,2020-12-18,12/18/2020 13:00,132560,NC,10114,177,2009
24976,4178,584,2020-12-19,12/19/2020 13:00,59104,FL,6020,169,1015
13242,32831,493,2020-12-20,12/20/2020 13:00,86335,IL,21744,83,4058
12891,3176,174,2020-12-21,12/21/2020 13:00,116938,TX,27893,30,180
37440,34654,708,2020-12-22,12/22/2020 13:00,82730,NC,11788,5,2183
29401,27627,392,2020-12-23,12/23/2020 13:00,138023,FL,4509,119,2788
32501,53550,218,2020-12-24,12/24/2020 13:00,30333,IL,28955,199,1790
16123,45910,748,2020-12-25,12/25/2020 13:00,23673,NY,5883,31,856
2878,91417,441,2020-12-26,12/26/2020 13:00,116421,CA,812,180,2770
21872,59251,398,2020-12-27,12/27/2020 13:00,42870,NC,26851,23,3851
45299,36422,569,2020-12-28,12/28/2020 13:00,129536,CA,5506,48,3652
38937,12984,233,2020-12-29,12/29/2020 13:00,73101,IL,24474,109,567
36003,90312,12,2020-12-30,12/30/2020 13:00,24821,GA,23904,40,1594
31246,62386,381,2020-12-31,12/31/2020 13:00,27494,TX,28748,6,1119
28423,84291,696,2021-01-01,01/01/2021 13:00,101477,PA,12141,38,1001
10367,8135,455,2021-01-02,01/02/2021 13:00,128083,FL,23327,169,772
41758,1320,620,2021-01-03,01/03/2021 13:00,114698,OH,2533,100,538
34224,95171,125,2021-01-04,01/04/2021 13:00,113560,MI,3401,27,4322
9806,22684,279,2021-01-05,01/05/2021 13:00,133907,TX,16754,69,2176
39891,56913,456,2021-01-06,01/06/2021 13:00,20646,PA,26470,57,544
15408,89774,377,2021-01-07,01/07/2021 13:00,125777,MI,29582,17,1065
27581,22889,262,2021-01-08,01/08/2021 13:00,79360,NC,27138,71,3890
37728,96849,326,2021-01-09,01/09/2021 13:00,39335,MI,28969,47,563
23886,99071,424,2021-01-10,01/10/2021 13:00,71351,NY,11686,79,2298
47254,49899,104,2021-01-11,01/11/2021 13:00,116934,TX,17563,110,2387
45906,11770,794,2021-01-12,01/12/2021 13:00,135501,CA,27554,13,3865
28802,40321,901,2021-01-13,01/13/2021 13:00,43950,GA,5422,139,3276
19712,86962,33,2021-01-14,01/14/2021 13:00,62654,OH,14032,124,4108
36118,42777,637,2021-01-15,01/15/2021 13:00,109422,CA,29399,109,3604
46567,47250,672,2021-01-16,01/16/2021 13:00,111934,PA,25279,90,1012
11198,74034,859,2021-01-17,01/17/2021 13:00,121975,TX,5357,86,596
5094,41130,59,2021-01-18,01/18/2021 13:00,93186,GA,13833,92,1563
26025,82931,511,2021-01-19,01/19/2021 13:00,106234,MI,24466,24,4353
14782,50346,727,2021-01-20,01/20/2021 13:00,104326,TX,13468,73,4367
49553,3537,507,2021-01-21,01/21/2021 13:00,79527,MI,9877,4,593
14834,85762,344,2021-01-22,01/22/2021 13:00,88704,NC,11349,113,1526
29679,16216,88,2021-01-23,01/23/2021 13:00,164171,NY,22698,46,1792
7144,85149,591,2021-01-24,01/24/2021 13:00,172457,IL,21490,18,1893
36118,4009,36,2021-01-25,01/25/2021 13:00,168991,TX,20469,43,2823
48201,90904,280,2021-01-26,01/26/2021 13:00,98952,PA,12981,161,758
33433,30327,571,2021-01-27,01/27/2021 13:00,62782,MI,9687,93,4861
43969,15209,813,2021-01-28,01/28/2021 13:00,73116,CA,28364,103,4562
34187,49443,256,2021-01-29,01/29/2021 13:00,91626,NC,8891,124,649
41573,16029,785,2021-01-30,01/30/2021 13:00,173459,PA,8805,10,742
17875,68613,600,2021-01-31,01/31/2021 13:00,148895,OH,22475,73,4450
48983,80443,396,2021-02-01,02/01/2021 13:00,48015,IL,22711,187,307
31426,57997,711,2021-02-02,02/02/2021 13:00,104877,NC,9358,31,2597
37107,63559,568,2021-02-03,02/03/2021 13:00,17339,NY,7933,156,4290
18142,65892,982,2021-02-04,02/04/2021 13:00,136563,IL,19370,60,1983
24493,71409,370,2021-02-05,02/05/2021 13:00,133778,MI,14345,131,2986
44886,9635,875,2021-02-06,02/06/2021 13:00,99493,PA,19137,118,577
46787,34065,993,2021-02-07,02/07/2021 13:00,148800,OH,29581,183,861
21688,34783,497,2021-02-08,02/08/2021 13:00,140069,FL,15854,14,289
33096,35152,361,2021-02-09,02/09/2021 13:00,193480,NY,9380,186,855
28272,59741,710,2021-02-10,02/10/2021 13:00,191169,GA,12677,143,1546
31357,52502,937,2021-02-11,02/11/2021 13:00,131526,MI,21348,2,1763
11276,30092,265,2021-02-12,02/12/2021 13:00,171595,FL,2614,24,1935
33335,18653,231,2021-02-13,02/13/2021 13:00,123648,TX,4069,64,4328
10288,98999,893,2021-02-14,02/14/2021 13:00,27163,OH,19768,199,4250
6160,41469,762,2021-02-15,02/15/2021 13:00,150790,CA,24224,100,4160
4978,87483,790,2021-02-16,02/16/2021 13:00,89508,GA,4666,114,4705
8710,60754,10,2021-02-17,02/17/2021 13:00,41619,PA,2296,24,4865
11422,30978,555,2021-02-18,02/18/2021 13:00,14126,OH,28859,155,3712
36789,88592,455,2021-02-19,02/19/2021 13:00,66926,IL,17273,165,1789
33840,95543,88,2021-02-20,02/20/2021 13:00,42633,NC,19959,91,1416
40350,44169,245,2021-02-21,02/21/2021 13:00,5317,IL,11445,167,4929
38663,49287,343,2021-02-22,02/22/2021 13:00,46980,IL,26340,191,3286
48675,55745,898,2021-02-23,02/23/2021 13:00,46115,TX,1409,26,4120
19142,6543,358,2021-02-24,02/24/2021 13:00,194718,NY,964,65,4454
11594,57392,107,2021-02-25,02/25/2021 13:00,45158,CA,12155,120,1245
22923,22067,91,2021-02-26,02/26/2021 13:00,189035,GA,5489,4,4494
33918,52033,511,2021-02-27,02/27/2021 13:00,180703,NY,19847,157,660
6241,46256,976,2021-02-28,02/28/2021 13:00,182388,OH,11816,1,2012
46549,91633,486,2021-03-01,03/01/2021 13:00,107364,IL,12078,50,1964
7338,70345,936,2021-03-02,03/02/2021 13:00,192414,TX,24699,110,396
3762,23191,713,2021-03-03,03/03/2021 13:00,17504,OH,3103,139,2509
5496,87803,774,2021-03-04,03/04/2021 13:00,159732,NC,14274,74,2736
45094,73742,930,2021-03-05,03/05/2021 13:00,39196,CA,24986,187,1561
22664,87593,559,2021-03-06,03/06/2021 13:00,67938,GA,13872,62,4392
36095,29992,23,2021-03-07,03/07/2021 13:00,141677,NC,17715,81,2368
30757,82531,401,2021-03-08,03/08/2021 13:00,59388,TX,8059,164,1094
14711,49803,356,2021-03-09,03/09/2021 13:00,57501,CA,12080,56,107
30953,64477,319,2021-03-10,03/10/2021 13:00,186381,OH,19195,111,2691
5732,14210,395,2021-03-11,03/11/2021 13:00,29043,IL,6681,21,2615
2717,84329,218,2021-03-12,03/12/2021 13:00,35635,IL,24189,141,4515
24729,27270,366,2021-03-13,03/13/2021 13:00,82691,MI,29477,9,1517
14732,63008,983,2021-03-14,03/14/2021 13:00,35132,IL,16905,139,2416
26113,6197,610,2021-03-15,03/15/2021 13:00,17366,FL,10065,70,4032
14526,8452,577,2021-03-16,03/16/2021 13:00,95944,IL,11860,129,1387
29054,42486,103,2021-03-17,03/17/2021 13:00,195652,FL,15022,118,2944
31408,15859,102,2021-03-18,03/18/2021 13:00,117267,PA,1046,198,1218
20110,28236,349,2021-03-19,03/19/2021 13:00,190961,FL,25862,56,652
47146,32899,606,2021-03-20,03/20/2021 13:00,41236,CA,18318,31,760
40105,33083,454,2021-03-21,03/21/2021 13:00,6150,NC,1664,37,815
7531,68708,766,2021-03-22,03/22/2021 13:00,113369,CA,7432,175,3685
48074,17663,31,2021-03-23,03/23/2021 13:00,21423,NC,5044,91,3861
26015,94076,300,2021-03-24,03/24/2021 13:00,6137,MI,16157,114,2629
36984,20053,494,2021-03-25,03/25/2021 13:00,31992,PA,13977,128,4070
36682,12085,793,2021-03-26,03/26/2021 13:00,112540,NC,10239,175,3507
1070,31564,315,2021-03-27,03/27/2021 13:00,117140,NC,1408,122,1558
32754,90745,643,2021-03-28,03/28/2021 13:00,177993,TX,19470,69,3367
19788,60095,137,2021-03-29,03/29/2021 13:00,123225,NY,16870,186,954
13788,70517,634,2021-03-30,03/30/2021 13:00,68917,NY,22615,36,4860
30377,22153,948,2021-03-31,03/31/2021 13:00,75690,TX,25837,32,3637
19389,6247,282,2021-04-01,04/01/2021 13:00,36235,IL,3358,64,1997
1417,11553,857,2021-04-02,04/02/2021 13:00,21122,TX,22605,199,372
10566,21811,451,2021-04-03,04/03/2021 13:00,25956,NC,4911,170,4187
30004,96381,512,2021-04-04,04/04/2021 13:00,65879,NC,23058,48,1372
7482,7135,139,2021-04-05,04/05/2021 13:00,60560,TX,6797,81,4474
39604,6573,141,2021-04-06,04/06/2021 13:00,112310,TX,20417,158,4119
18562,80267,606,2021-04-07,04/07/2021 13:00,157732,IL,15875,149,915
17499,8189,944,2021-04-08,04/08/2021 13:00,3168,CA,11139,60,4471
10441,81077,491,2021-04-09,04/09/2021 13:00,47124,PA,29197,141,1022
23970,44646,871,2021-04-10,04/10/2021 13:00,168969,OH,1539,1,4837
45648,77623,399,2021-04-11,04/11/2021 13:00,148104,NC,22653,65,4700
21633,54687,602,2021-04-12,04/12/2021 13:00,54797,PA,11734,33,4967
44935,69312,994,2021-04-13,04/13/2021 13:00,37294,TX,20964,38,1364
5029,28564,334,2021-04-14,04/14/2021 13:00,176899,IL,155,25,3824
18019,29835,78,2021-04-15,04/15/2021 13:00,5516,FL,19808,154,2887
12692,62587,669,2021-04-16,04/16/2021 13:00,152823,IL,23261,59,2822
9066,8697,457,2021-04-17,04/17/2021 13:00,32373,GA,205,161,4323
7726,81165,537,2021-04-18,04/18/2021 13:00,124026,GA,3301,101,2650
38430,74922,828,2021-04-19,04/19/2021 13:00,32270,PA,15284,127,3049
49858,18046,626,2021-04-20,04/20/2021 13:00,143458,NY,769,41,1773
21759,58823,174,2021-04-21,04/21/2021 13:00,197889,GA,12763,158,4687
34587,74580,497,2021-04-22,04/22/2021 13:00,67184,GA,25418,57,3192
1641,54370,722,2021-04-23,04/23/2021 13:00,39879,CA,1066,177,2938
5127,10615,718,2021-04-24,04/24/2021 13:00,51597,FL,16791,48,1766
47769,6060,435,2021-04-25,04/25/2021 13:00,172204,CA,18622,72,4611
3190,77436,706,2021-04-26,04/26/2021 13:00,5626,FL,11756,177,2295
40591,61519,843,2021-04-27,04/27/2021 13:00,87936,MI,15993,175,1484
3755,72117,274,2021-04-28,04/28/2021 13:00,83515,OH,13189,56,4503
5713,62158,884,2021-04-29,04/29/2021 13:00,57390,NC,16593,65,4054
37376,35782,621,2021-04-30,04/30/2021 13:00,149717,GA,3732,12,2999
19904,86709,351,2021-05-01,05/01/2021 13:00,56144,NC,23212,69,160
25880,79533,841,2021-05-02,05/02/2021 13:00,146454,GA,29111,134,4047
26020,59255,735,2021-05-03,05/03/2021 13:00,6025,CA,5784,89,2390
19673,73684,287,2021-05-04,05/04/2021 13:00,176298,OH,13366,193,572
24489,57918,683,2021-05-05,05/05/2021 13:00,81380,CA,22983,25,1058
43070,85284,448,2021-05-06,05/06/2021 13:00,120910,CA,18399,1,632
25019,80558,166,2021-05-07,05/07/2021 13:00,98055,FL,28939,160,593
22939,86549,431,2021-05-08,05/08/2021 13:00,128189,NY,17040,131,181
11913,82422,260,2021-05-09,05/09/2021 13:00,136515,IL,24103,49,3070
15495,26256,887,2021-05-10,05/10/2021 13:00,23395,PA,29676,147,111
24059,31005,618,2021-05-11,05/11/2021 13:00,12725,NC,204,60,4644
45851,7638,539,2021-05-12,05/12/2021 13:00,35461,MI,2147,157,861
24013,38419,336,2021-05-13,05/13/2021 13:00,43115,GA,16629,178,3285
5521,34377,970,2021-05-14,05/14/2021 13:00,112084,CA,27439,2,125
32964,44116,904,2021-05-15,05/15/2021 13:00,85732,NY,17357,73,1906
21619,37634,106,2021-05-16,05/16/2021 13:00,81557,CA,16782,184,4257
29799,83291,522,2021-05-17,05/17/2021 13:00,73260,OH,19722,145,4424
39850,24382,225,2021-05-18,05/18/2021 13:00,161762,FL,8937,188,4802
46723,57063,141,2021-05-19,05/19/2021 13:00,3407,MI,15507,110,3759
26017,23394,269,2021-05-20,05/20/2021 13:00,75568,IL,29409,164,1625
13617,68789,134,2021-05-21,05/21/2021 13:00,60560,OH,6482,61,860
22750,1864,91,2021-05-22,05/22/2021 13:00,180412,TX,27754,17,694
19450,41222,292,2021-05-23,05/23/2021 13:00,150866,MI,18995,49,1155
17859,14666,692,2021-05-24,05/24/2021 13:00,152953,CA,23080,76,1954
24096,21955,68,2021-05-25,05/25/2021 13:00,182775,OH,883,188,3183
26030,82845,553,2021-05-26,05/26/2021 13:00,177426,IL,21476,148,4016
1762,70590,170,2021-05-27,05/27/2021 13:00,93288,NY,470,178,3775
40650,67471,293,2021-05-28,05/28/2021 13:00,121020,NY,16008,131,2148
23115,89314,115,2021-05-29,05/29/2021 13:00,101301,NC,586,43,1558
3827,44298,114,2021-05-30,05/30/2021 13:00,16390,IL,23862,57,1319
30268,64108,448,2021-05-31,05/31/2021 13:00,29307,NY,26713,50,4328
29350,49924,237,2021-06-01,06/01/2021 13:00,26502,OH,14600,196,4281
43288,17709,709,2021-06-02,06/02/2021 13:00,24486,NC,3296,178,1599
17348,10726,591,2021-06-03,06/03/2021 13:00,113813,NY,9652,37,1930
47330,61824,327,2021-06-04,06/04/2021 13:00,171330,MI,20771,46,3495
40042,41542,473,2021-06-05,06/05/2021 13:00,190788,FL,29501,170,1303
15660,21245,811,2021-06-06,06/06/2021 13:00,105920,TX,2361,15,4370
34498,35753,608,2021-06-07,06/07/2021 13:00,84768,IL,10913,161,2910
27730,80788,891,2021-06-08,06/08/2021 13:00,143820,OH,9248,80,3192
9576,22316,883,2021-06-09,06/09/2021 13:00,64785,GA,8672,139,3144
4305,85698,481,2021-06-10,06/10/2021 13:00,78050,CA,15108,148,4773
31585,16960,65,2021-06-11,06/11/2021 13:00,24738,OH,28325,24,3614
15215,31791,634,2021-06-12,06/12/2021 13:00,76231,NY,13185,125,1898
6250,26216,22,2021-06-13,06/13/2021 13:00,75606,OH,16722,192,2675
48895,33467,449,2021-06-14,06/14/2021 13:00,43662,GA,6943,118,244
13732,65427,27,2021-06-15,06/15/2021 13:00,120313,CA,1205,80,4957
36403,63047,703,2021-06-16,06/16/2021 13:00,17123,NC,17870,94,4026
7453,74290,982,2021-06-17,06/17/2021 13:00,158688,NY,27228,65,1477
32593,48014,122,2021-06-18,06/18/2021 13:00,13182,PA,10541,88,3246
26000,5078,238,2021-06-19,06/19/2021 13:00,92369,NY,9819,88,1925
22918,79389,180,2021-06-20,06/20/2021 13:00,195085,TX,18151,145,893
34814,51519,304,2021-06-21,06/21/2021 13:00,164403,PA,28808,126,1701
48725,5042,198,2021-06-22,06/22/2021 13:00,179170,TX,2791,89,4514
22949,50052,435,2021-06-23,06/23/2021 13:00,28128,GA,24240,61,1210
17978,15389,986,2021-06-24,06/24/2021 13:00,33556,IL,11964,15,4153
35679,96961,88,2021-06-25,06/25/2021 13:00,154948,CA,2096,94,4893
47381,69111,667,2021-06-26,06/26/2021 13:00,142021,FL,1525,51,4037
25838,94715,928,2021-06-27,06/27/2021 13:00,53962,NC,27488,27,4063
27399,51733,191,2021-06-28,06/28/2021 13:00,92054,FL,16478,74,882
4645,35754,508,2021-06-29,06/29/2021 13:00,26099,MI,24507,61,1216
32601,19624,807,2021-06-30,06/30/2021 13:00,145788,MI,6949,186,1850
3275,86886,771,2021-07-01,07/01/2021 13:00,185683,GA,3347,31,2676
46461,27681,875,2021-07-02,07/02/2021 13:00,171957,IL,19076,12,4127
32147,90524,835,2021-07-03,07/03/2021 13:00,55144,MI,1590,46,3436
46119,82006,717,2021-07-04,07/04/2021 13:00,198292,NY,17708,159,4487
46338,25704,844,2021-07-05,07/05/2021 13:00,9837,OH,19071,32,1587
20039,95913,80,2021-07-06,07/06/2021 13:00,182427,TX,24198,160,3975
37238,95108,257,2021-07-07,07/07/2021 13:00,180371,MI,19548,181,3731
27116,8493,155,2021-07-08,07/08/2021 13:00,152231,GA,14410,61,4292
14619,70639,627,2021-07-09,07/09/2021 13:00,127212,TX,24288,46,4058
25659,55383,784,2021-07-10,07/10/2021 13:00,118680,NY,17316,85,3497
37599,3994,305,2021-07-11,07/11/2021 13:00,108802,IL,15501,80,173
10795,70280,591,2021-07-12,07/12/2021 13:00,104413,CA,12984,135,1459
35210,48234,479,2021-07-13,07/13/2021 13:00,53012,FL,18924,4,1191
25185,48291,515,2021-07-14,07/14/2021 13:00,132193,NY,4895,52,4953
49843,93868,202,2021-07-15,07/15/2021 13:00,192377,NC,1746,159,2041
25979,6594,77,2021-07-16,07/16/2021 13:00,150178,PA,16242,112,3248
46672,8371,503,2021-07-17,07/17/2021 13:00,60123,GA,14406,36,4403
34129,48315,826,2021-07-18,07/18/2021 13:00,113825,FL,16924,182,1344
42543,84564,61,2021-07-19,07/19/2021 13:00,10720,NC,6056,54,1385
17533,80526,891,2021-07-20,07/20/2021 13:00,170733,CA,14028,119,4605
37402,17626,372,2021-07-21,07/21/2021 13:00,154192,NC,9821,127,3136
45071,87005,806,2021-07-22,07/22/2021 13:00,152862,IL,11257,17,870
15908,8130,926,2021-07-23,07/23/2021 13:00,60655,PA,2467,75,1943
17920,7828,483,2021-07-24,07/24/2021 13:00,192715,TX,6796,158,173
16851,58514,855,2021-07-25,07/25/2021 13:00,95448,FL,27962,105,1760
4631,53664,530,2021-07-26,07/26/2021 13:00,180446,PA,5290,150,4449
45325,18883,772,2021-07-27,07/27/2021 13:00,175979,OH,4763,117,919
11849,44059,440,2021-07-28,07/28/2021 13:00,183143,NY,7162,43,3918
44754,85078,853,2021-07-29,07/29/2021 13:00,122507,OH,4431,112,431
38725,43932,307,2021-07-30,07/30/2021 13:00,36812,NY,25980,115,1521
39347,62269,444,2021-07-31,07/31/2021 13:00,51570,IL,19518,27,3755
12953,76986,705,2021-08-01,08/01/2021 13:00,52901,PA,11980,37,1791
19314,86959,700,2021-08-02,08/02/2021 13:00,62186,CA,28649,46,4650
18763,3035,207,2021-08-03,08/03/2021 13:00,124066,MI,16346,113,4508
12658,41745,137,2021-08-04,08/04/2021 13:00,130364,NC,25861,35,327
16235,18241,541,2021-08-05,08/05/2021 13:00,183323,MI,3362,132,2981
16330,53975,993,2021-08-06,08/06/2021 13:00,198243,PA,13420,80,2965
48393,24154,420,2021-08-07,08/07/2021 13:00,38160,OH,18591,80,2675
45173,26625,943,2021-08-08,08/08/2021 13:00,21156,MI,7136,154,4622
24426,45950,849,2021-08-09,08/09/2021 13:00,78208,GA,26516,121,564
45566,99602,74,2021-08-10,08/10/2021 13:00,151001,MI,20804,147,377
35279,57396,703,2021-08-11,08/11/2021 13:00,199678,NY,22422,122,4214
3873,14331,250,2021-08-12,08/12/2021 13:00,195631,GA,19231,81,165
10835,64927,378,2021-08-13,08/13/2021 13:00,187277,FL,4777,173,4362
24241,87226,545,2021-08-14,08/14/2021 13:00,197413,MI,8072,154,502
11192,85719,393,2021-08-15,08/15/2021 13:00,97377,GA,15429,150,4083
47795,64014,440,2021-08-16,08/16/2021 13:00,44863,PA,4364,119,4604
46041,40346,976,2021-08-17,08/17/2021 13:00,67439,NC,3233,58,3578
34557,71411,92,2021-08-18,08/18/2021 13:00,140266,FL,11712,63,3544
1947,55478,991,2021-08-19,08/19/2021 13:00,123361,CA,17949,156,4792
20083,13254,840,2021-08-20,08/20/2021 13:00,199286,CA,20593,193,4519
23265,56734,706,2021-08-21,08/21/2021 13:00,98176,IL,18695,172,3139
24406,29621,960,2021-08-22,08/22/2021 13:00,31777,MI,22023,100,1537
20067,77441,837,2021-08-23,08/23/2021 13:00,159255,NC,27480,171,528
14639,47121,620,2021-08-24,08/24/2021 13:00,160517,TX,14258,165,2782
47025,82418,583,2021-08-25,08/25/2021 13:00,89201,GA,9835,66,2877
38730,61197,295,2021-08-26,08/26/2021 13:00,149270,FL,1789,145,3478
20020,85577,998,2021-08-27,08/27/2021 13:00,154483,PA,9863,168,492
20202,95634,543,2021-08-28,08/28/2021 13:00,183649,MI,7827,166,4641
26066,43431,468,2021-08-29,08/29/2021 13:00,17867,PA,7864,85,441
8157,5837,221,2021-08-30,08/30/2021 13:00,64501,TX,29823,189,232
38188,91025,135,2021-08-31,08/31/2021 13:00,147338,IL,21025,137,364
30634,84163,422,2021-09-01,09/01/2021 13:00,41422,TX,27955,189,4288
10845,72232,508,2021-09-02,09/02/2021 13:00,168280,NY,20025,144,1785
41685,49994,434,2021-09-03,09/03/2021 13:00,123544,OH,13103,123,1534
27913,80079,563,2021-09-04,09/04/2021 13:00,164285,FL,27699,2,1760
5708,13615,619,2021-09-05,09/05/2021 13:00,140439,OH,918,106,3917
33955,2466,970,2021-09-06,09/06/2021 13:00,37362,TX,14539,108,2454
28518,31771,552,2021-09-07,09/07/2021 13:00,53588,IL,15177,72,365
46491,84886,167,2021-09-08,09/08/2021 13:00,171357,IL,4621,171,4841
8580,66911,121,2021-09-09,09/09/2021 13:00,128683,CA,1224,126,1236
22402,99566,411,2021-09-10,09/10/2021 13:00,38307,MI,5760,170,4649
9986,21746,768,2021-09-11,09/11/2021 13:00,82280,CA,29621,57,1490
39362,89422,131,2021-09-12,09/12/2021 13:00,152939,FL,5741,81,1212
21658,61739,282,2021-09-13,09/13/2021 13:00,58523,FL,17613,195,2334
40960,99187,303,2021-09-14,09/14/2021 13:00,139450,FL,1802,158,2966
44356,74369,407,2021-09-15,09/15/2021 13:00,109669,PA,18485,141,3168
36371,2893,480,2021-09-16,09/16/2021 13:00,160998,CA,23396,19,2279
35708,31573,994,2021-09-17,09/17/2021 13:00,105215,PA,20362,7,734
21019,97907,216,2021-09-18,09/18/2021 13:00,100707,OH,29048,137,3731
31879,41874,119,2021-09-19,09/19/2021 13:00,146252,MI,23716,54,1499
28878,78362,449,2021-09-20,09/20/2021 13:00,94837,TX,26482,104,4886
40392,88460,287,2021-09-21,09/21/2021 13:00,120070,GA,11239,86,2839
14531,34367,972,2021-09-22,09/22/2021 13:00,170003,CA,22815,82,3270
15036,22199,577,2021-09-23,09/23/2021 13:00,157086,GA,22519,61,1965
946,92404,896,2021-09-24,09/24/2021 13:00,81872,IL,27885,87,2055
37183,75328,924,2021-09-25,09/25/2021 13:00,191574,CA,15802,2,4777
49055,58724,578,2021-09-26,09/26/2021 13:00,89736,OH,26828,178,2318
18118,87133,949,2021-09-27,09/27/2021 13:00,7470,CA,29317,31,1489
7087,37405,491,2021-09-28,09/28/2021 13:00,148025,PA,6623,33,4979
31980,99232,812,2021-09-29,09/29/2021 13:00,171579,MI,12497,80,3230
33494,16989,123,2021-09-30,09/30/2021 13:00,94969,TX,8211,11,4376
21027,29931,902,2021-10-01,10/01/2021 13:00,93493,NC,25220,161,4214
24069,10290,906,2021-10-02,10/02/2021 13:00,8523,TX,2501,128,1349
11651,39367,829,2021-10-03,10/03/2021 13:00,190262,TX,29514,135,3266
6058,80878,862,2021-10-04,10/04/2021 13:00,180833,IL,27040,128,1345
45239,91477,486,2021-10-05,10/05/2021 13:00,33169,OH,9581,31,153
33454,80481,719,2021-10-06,10/06/2021 13:00,47641,GA,28441,176,3010
47948,77298,942,2021-10-07,10/07/2021 13:00,156062,OH,10167,126,2496
47827,31133,330,2021-10-08,10/08/2021 13:00,31661,NC,13476,47,542
44337,28052,188,2021-10-09,10/09/2021 13:00,146491,IL,29104,181,4775
35803,86489,906,2021-10-10,10/10/2021 13:00,16457,MI,13924,107,3711
35200,41475,228,2021-10-11,10/11/2021 13:00,69600,TX,13544,19,4477
28000,83666,798,2021-10-12,10/12/2021 13:00,105619,PA,12979,81,2507
2532,97622,958,2021-10-13,10/13/2021 13:00,78102,IL,25458,123,922
1752,58656,537,2021-10-14,10/14/2021 13:00,35085,FL,16212,134,3802
6009,5633,501,2021-10-15,10/15/2021 13:00,99064,CA,639,107,3039
38342,18304,900,2021-10-16,10/16/2021 13:00,183726,OH,11074,49,4836
14400,98820,70,2021-10-17,10/17/2021 13:00,139202,IL,13946,73,1131
15023,47546,63,2021-10-18,10/18/2021 13:00,107723,FL,5715,50,2116
2381,8008,689,2021-10-19,10/19/2021 13:00,135114,GA,27344,81,662
33537,49291,547,2021-10-20,10/20/2021 13:00,72134,NC,29390,95,2638
2130,28405,857,2021-10-21,10/21/2021 13:00,44982,NC,16116,12,440
21289,37386,997,2021-10-22,10/22/2021 13:00,67185,TX,28613,23,4667
23023,91909,74,2021-10-23,10/23/2021 13:00,35477,TX,3056,54,3875
18458,21827,621,2021-10-24,10/24/2021 13:00,116161,IL,8177,118,2396
46651,34040,595,2021-10-25,10/25/2021 13:00,54709,IL,3822,197,334
49420,61354,713,2021-10-26,10/26/2021 13:00,161788,MI,12159,59,1216
44352,79543,180,2021-10-27,10/27/2021 13:00,80137,CA,26509,164,2008
2195,19157,282,2021-10-28,10/28/2021 13:00,38018,NY,5187,3,1517
15321,98693,898,2021-10-29,10/29/2021 13:00,141133,GA,10438,58,1391
3762,36315,708,2021-10-30,10/30/2021 13:00,141681,TX,22944,183,3588
1945,36932,544,2021-10-31,10/31/2021 13:00,37371,NY,2270,57,4827
16936,22164,400,2021-11-01,11/01/2021 13:00,85021,NY,3491,145,3754
10449,15414,949,2021-11-02,11/02/2021 13:00,153877,CA,7042,167,628
24463,15327,702,2021-11-03,11/03/2021 13:00,9857,PA,18100,90,3424
30432,1946,336,2021-11-04,11/04/2021 13:00,144692,PA,13906,196,2080
7401,15693,117,2021-11-05,11/05/2021 13:00,10177,TX,14892,55,3039
33987,28241,856,2021-11-06,11/06/2021 13:00,163183,FL,12909,45,1429
9097,96790,171,2021-11-07,11/07/2021 13:00,90578,CA,14955,1,1333
7355,16540,823,2021-11-08,11/08/2021 13:00,91941,CA,9208,21,1853
19178,73255,461,2021-11-09,11/09/2021 13:00,13826,OH,29488,21,2900
8763,65757,215,2021-11-10,11/10/2021 13:00,146962,NY,6558,52,3033
47788,42203,599,2021-11-11,11/11/2021 13:00,84428,OH,2856,82,2859
26305,26081,25,2021-11-12,11/12/2021 13:00,128044,NY,6953,171,2875
26643,62861,336,2021-11-13,11/13/2021 13:00,191103,PA,7809,180,3587
12374,12350,617,2021-11-14,11/14/2021 13:00,77020,TX,18420,67,3950
28029,56512,668,2021-11-15,11/15/2021 13:00,7495,GA,28718,113,2627
21366,57809,11,2021-11-16,11/16/2021 13:00,30481,PA,19575,44,990
14579,98557,19,2021-11-17,11/17/2021 13:00,144339,CA,12947,160,2165
7743,43832,443,2021-11-18,11/18/2021 13:00,119897,GA,17452,10,1288
30372,29369,134,2021-11-19,11/19/2021 13:00,139815,IL,7397,64,4397
9518,32728,90,2021-11-20,11/20/2021 13:00,187872,GA,28040,69,840
12600,18576,494,2021-11-21,11/21/2021 13:00,105475,GA,16356,68,1469
49959,30001,661,2021-11-22,11/22/2021 13:00,181845,PA,3303,28,1489
20300,84384,847,2021-11-23,11/23/2021 13:00,59042,CA,6599,181,2100
27410,1390,159,2021-11-24,11/24/2021 13:00,51476,GA,5273,116,1571
29937,88535,809,2021-11-25,11/25/2021 13:00,30552,PA,17373,51,1636
38088,46436,882,2021-11-26,11/26/2021 13:00,198314,PA,25468,181,418
11501,12569,349,2021-11-27,11/27/2021 13:00,178844,GA,11750,4,2364
47175,14029,138,2021-11-28,11/28/2021 13:00,176802,NY,9273,79,1994
20442,23490,447,2021-11-29,11/29/2021 13:00,162020,CA,7482,17,3811
21362,46875,760,2021-11-30,11/30/2021 13:00,71093,NC,20015,108,4919
12169,6867,510,2021-12-01,12/01/2021 13:00,71123,GA,28205,195,2922
16416,81820,67,2021-12-02,12/02/2021 13:00,18535,OH,901,74,4608
11378,10121,207,2021-12-03,12/03/2021 13:00,68490,OH,8334,175,1375
3485,2539,220,2021-12-04,12/04/2021 13:00,48562,IL,13997,184,3183
32869,92024,923,2021-12-05,12/05/2021 13:00,121042,CA,15297,23,500
8612,18027,911,2021-12-06,12/06/2021 13:00,91080,PA,19833,18,823
41735,75229,54,2021-12-07,12/07/2021 13:00,191607,MI,24489,129,2429
19431,9921,106,2021-12-08,12/08/2021 13:00,43269,TX,10069,35,1235
27840,51435,288,2021-12-09,12/09/2021 13:00,82674,FL,3301,64,2870
836,11310,544,2021-12-10,12/10/2021 13:00,44462,MI,16833,186,4946
43433,64965,419,2021-12-11,12/11/2021 13:00,136199,CA,26243,59,367
19863,97444,470,2021-12-12,12/12/2021 13:00,25147,CA,25805,1,669
46036,70922,400,2021-12-13,12/13/2021 13:00,178600,GA,27635,131,2656
4468,98799,856,2021-12-14,12/14/2021 13:00,79095,GA,28463,67,2073
34178,94948,53,2021-12-15,12/15/2021 13:00,92925,MI,10072,37,645
48900,83839,36,2021-12-16,12/16/2021 13:00,68381,PA,683,29,2922
16779,13242,803,2021-12-17,12/17/2021 13:00,101468,IL,12819,89,4560
3629,9947,106,2021-12-18,12/18/2021 13:00,65749,GA,3477,161,4742
38715,72466,984,2021-12-19,12/19/2021 13:00,171744,FL,22512,100,370
39397,62816,557,2021-12-20,12/20/2021 13:00,15731,FL,24178,189,838
6350,49785,630,2021-12-21,12/21/2021 13:00,126647,IL,22680,122,1357
21088,1507,576,2021-12-22,12/22/2021 13:00,187584,NY,23567,90,158
40714,67972,713,2021-12-23,12/23/2021 13:00,53024,NY,14955,132,4281
12449,28151,228,2021-12-24,12/24/2021 13:00,118712,CA,3501,14,4958
9019,12618,194,2021-12-25,12/25/2021 13:00,103121,GA,13736,161,489
26875,75286,78,2021-12-26,12/26/2021 13:00,5832,OH,19669,150,818
33582,17122,838,2021-12-27,12/27/2021 13:00,34332,MI,26870,176,4344
12237,8354,139,2021-12-28,12/28/2021 13:00,14467,NC,21769,131,4778
1634,31979,576,2021-12-29,12/29/2021 13:00,43025,IL,15838,85,220
11438,87436,899,2021-12-30,12/30/2021 13:00,146179,CA,25838,151,2752
24986,80376,618,2021-12-31,12/31/2021 13:00,79994,OH,6872,196,2403
48856,53774,857,2022-01-01,01/01/2022 13:00,96202,GA,24974,21,4961
26596,6037,608,2022-01-02,01/02/2022 13:00,45481,OH,19831,171,3011
41615,29633,815,2022-01-03,01/03/2022 13:00,135653,OH,10231,26,899
6092,25495,640,2022-01-04,01/04/2022 13:00,77118,IL,888,41,3480
18608,65550,729,2022-01-05,01/05/2022 13:00,126010,CA,21429,122,2206
17770,82384,343,2022-01-06,01/06/2022 13:00,184710,PA,16284,38,1209
28149,37483,934,2022-01-07,01/07/2022 13:00,125714,FL,2989,88,1350
11497,74373,163,2022-01-08,01/08/2022 13:00,141490,MI,9669,11,2740
33989,35069,556,2022-01-09,01/09/2022 13:00,162185,CA,21757,29,1749
9604,8370,88,2022-01-10,01/10/2022 13:00,86363,NC,10241,60,1445
1370,72947,588,2022-01-11,01/11/2022 13:00,125607,OH,19756,195,3056
29184,40133,864,2022-01-12,01/12/2022 13:00,65044,PA,25553,193,2546
40019,97035,422,2022-01-13,01/13/2022 13:00,194102,IL,21718,61,3464
35024,96761,555,2022-01-14,01/14/2022 13:00,13814,TX,12034,147,584
31457,1692,618,2022-01-15,01/15/2022 13:00,101340,MI,9869,174,902
34385,29926,178,2022-01-16,01/16/2022 13:00,12024,MI,23386,177,1815
44869,74984,690,2022-01-17,01/17/2022 13:00,196360,FL,27815,22,2015
36096,44390,672,2022-01-18,01/18/2022 13:00,111236,TX,7712,78,3583
30366,50593,592,2022-01-19,01/19/2022 13:00,59836,GA,18976,113,1857
31176,76609,524,2022-01-20,01/20/2022 13:00,9435,TX,16305,185,1909
48264,6209,323,2022-01-21,01/21/2022 13:00,72601,OH,27431,123,3107
14378,7533,41,2022-01-22,01/22/2022 13:00,122871,OH,23229,142,3325
40260,87597,296,2022-01-23,01/23/2022 13:00,136479,OH,14034,44,3595
28059,8211,603,2022-01-24,01/24/2022 13:00,100943,OH,10195,144,2420
47046,10927,52,2022-01-25,01/25/2022 13:00,34940,CA,26058,97,1770
7271,78463,912,2022-01-26,01/26/2022 13:00,7666,MI,4340,77,4715
17026,25594,626,2022-01-27,01/27/2022 13:00,39122,TX,18806,140,1251
30396,75852,10,2022-01-28,01/28/2022 13:00,120647,MI,10848,55,4847
32423,78713,582,2022-01-29,01/29/2022 13:00,158164,NC,5398,51,2323
36703,77382,279,2022-01-30,01/30/2022 13:00,131753,TX,1961,102,2767
39890,8933,189,2022-01-31,01/31/2022 13:00,125402,CA,14242,167,310
13352,41696,745,2022-02-01,02/01/2022 13:00,103190,NC,23104,161,2594
48074,66449,527,2022-02-02,02/02/2022 13:00,102468,MI,26542,161,4781
43891,68616,112,2022-02-03,02/03/2022 13:00,131207,NC,20531,29,4362
2348,7089,19,2022-02-04,02/04/2022 13:00,28505,FL,24065,69,2607
31527,57548,592,2022-02-05,02/05/2022 13:00,38713,NC,7420,198,3063
35964,27123,99,2022-02-06,02/06/2022 13:00,187459,TX,11467,159,3528
34985,8797,235,2022-02-07,02/07/2022 13:00,45169,OH,17582,80,3475
19956,51013,679,2022-02-08,02/08/2022 13:00,79511,OH,5347,31,4055
9759,9346,749,2022-02-09,02/09/2022 13:00,184814,GA,1834,112,3805
36054,86414,926,2022-02-10,02/10/2022 13:00,42522,MI,4763,46,3505
47422,34672,135,2022-02-11,02/11/2022 13:00,101397,FL,6009,97,4138
13909,18653,965,2022-02-12,02/12/2022 13:00,5880,TX,19900,52,1152
4291,50556,218,2022-02-13,02/13/2022 13:00,176526,TX,12918,138,813
26364,27140,106,2022-02-14,02/14/2022 13:00,188783,IL,22786,74,2988
37139,2184,83,2022-02-15,02/15/2022 13:00,45539,NY,24077,41,787
35074,35493,636,2022-02-16,02/16/2022 13:00,16799,MI,17164,77,429
18388,45148,200,2022-02-17,02/17/2022 13:00,106843,TX,8263,131,1846
20192,25846,691,2022-02-18,02/18/2022 13:00,193174,PA,18554,187,1307
24001,23195,828,2022-02-19,02/19/2022 13:00,183798,TX,13458,114,2242
13804,6606,969,2022-02-20,02/20/2022 13:00,50784,IL,6768,52,884
28027,4956,725,2022-02-21,02/21/2022 13:00,115034,NC,13116,162,2796
18574,17555,65,2022-02-22,02/22/2022 13:00,176405,CA,8101,177,3920
16049,91385,729,2022-02-23,02/23/2022 13:00,173900,CA,10021,156,3818
30463,19690,562,2022-02-24,02/24/2022 13:00,56362,PA,2291,87,2793
26420,59502,41,2022-02-25,02/25/2022 13:00,55997,PA,8959,109,725
31326,49849,536,2022-02-26,02/26/2022 13:00,183413,GA,26288,141,4334
36571,27347,583,2022-02-27,02/27/2022 13:00,152145,CA,24070,69,3808
16561,99725,676,2022-02-28,02/28/2022 13:00,104399,NC,8972,120,861
29310,92321,293,2022-03-01,03/01/2022 13:00,16549,CA,25648,67,4079
48466,50056,730,2022-03-02,03/02/2022 13:00,58920,NY,19330,61,3629
23300,64851,841,2022-03-03,03/03/2022 13:00,153388,MI,26808,188,1655
43923,99234,503,2022-03-04,03/04/2022 13:00,159255,CA,18947,71,3733
42192,82502,196,2022-03-05,03/05/2022 13:00,95860,OH,23321,152,775
10440,97633,507,2022-03-06,03/06/2022 13:00,26624,GA,27205,191,4287
4424,82418,451,2022-03-07,03/07/2022 13:00,195587,IL,27179,189,136
28554,71211,139,2022-03-08,03/08/2022 13:00,48705,PA,5022,151,3936
10283,42850,648,2022-03-09,03/09/2022 13:00,91326,NY,4492,30,1887
37753,79545,301,2022-03-10,03/10/2022 13:00,159828,PA,19667,188,2827
45897,28843,123,2022-03-11,03/11/2022 13:00,62390,GA,28709,146,3980
13733,63320,208,2022-03-12,03/12/2022 13:00,70369,TX,13641,96,1994
46169,30793,22,2022-03-13,03/13/2022 13:00,11589,NY,19651,56,236
24984,40516,280,2022-03-14,03/14/2022 13:00,115012,FL,19481,53,3176
25568,18857,610,2022-03-15,03/15/2022 13:00,147188,NY,15115,7,3983
691,20627,224,2022-03-16,03/16/2022 13:00,75181,GA,23005,97,761
25574,62822,453,2022-03-17,03/17/2022 13:00,177858,IL,3327,197,1910
5417,85101,799,2022-03-18,03/18/2022 13:00,125711,NY,23048,113,514
39099,92561,521,2022-03-19,03/19/2022 13:00,78425,GA,26828,125,442
26332,53248,456,2022-03-20,03/20/2022 13:00,163358,NC,26404,180,2829
43428,56798,995,2022-03-21,03/21/2022 13:00,17994,MI,2124,132,3550
21206,94368,724,2022-03-22,03/22/2022 13:00,113915,CA,16813,162,3765
14182,45116,83,2022-03-23,03/23/2022 13:00,124961,NC,2586,197,3837
27262,76318,546,2022-03-24,03/24/2022 13:00,106672,GA,1255,161,3997
23883,88902,110,2022-03-25,03/25/2022 13:00,28639,OH,10182,121,4341
28296,29557,185,2022-03-26,03/26/2022 13:00,19205,TX,4577,197,4518
24166,72334,436,2022-03-27,03/27/2022 13:00,58677,CA,18669,38,2269
26162,76163,126,2022-03-28,03/28/2022 13:00,34930,OH,7186,122,1978
45659,79002,175,2022-03-29,03/29/2022 13:00,75313,IL,29614,26,4070
35142,43614,50,2022-03-30,03/30/2022 13:00,115153,PA,2417,129,4796
42330,13720,438,2022-03-31,03/31/2022 13:00,20316,FL,3721,4,4670
38031,58608,353,2022-04-01,04/01/2022 13:00,160376,CA,4591,39,2717
10734,73095,433,2022-04-02,04/02/2022 13:00,98058,NC,16016,54,1615
9721,85694,375,2022-04-03,04/03/2022 13:00,89876,TX,15348,161,674
11910,97452,129,2022-04-04,04/04/2022 13:00,87366,OH,2611,33,4542
15019,88593,618,2022-04-05,04/05/2022 13:00,15403,GA,24326,20,2967
1551,36892,666,2022-04-06,04/06/2022 13:00,82052,CA,25125,16,3644
45493,78242,737,2022-04-07,04/07/2022 13:00,75495,PA,9646,149,4577
10265,78606,238,2022-04-08,04/08/2022 13:00,165004,GA,15712,173,171
11882,1924,834,2022-04-09,04/09/2022 13:00,98090,OH,7948,127,2668
13080,52322,139,2022-04-10,04/10/2022 13:00,38701,TX,14374,87,3537
32823,27478,361,2022-04-11,04/11/2022 13:00,136457,NY,21888,82,3080
45257,72042,898,2022-04-12,04/12/2022 13:00,59241,PA,21877,62,1217
12439,47418,327,2022-04-13,04/13/2022 13:00,143439,GA,17777,31,2486
30464,63217,993,2022-04-14,04/14/2022 13:00,67030,PA,2565,42,3608
807,91140,658,2022-04-15,04/15/2022 13:00,179577,IL,16404,12,1459
3859,81846,845,2022-04-16,04/16/2022 13:00,166404,GA,15769,65,4859
30148,74762,346,2022-04-17,04/17/2022 13:00,168340,CA,11394,73,1615
36444,12781,282,2022-04-18,04/18/2022 13:00,158635,NY,26525,131,139
34519,6515,126,2022-04-19,04/19/2022 13:00,107185,NY,3275,115,1482
38634,37133,827,2022-04-20,04/20/2022 13:00,38404,FL,7949,137,2130
27823,83508,377,2022-04-21,04/21/2022 13:00,57182,PA,12573,106,2721
6726,98628,103,2022-04-22,04/22/2022 13:00,34991,NC,27875,179,2000
22189,77946,177,2022-04-23,04/23/2022 13:00,106601,NY,9525,16,2317
31471,86058,963,2022-04-24,04/24/2022 13:00,180735,NY,26113,78,4896
26454,10095,724,2022-04-25,04/25/2022 13:00,67886,IL,28028,125,4706
24923,89583,350,2022-04-26,04/26/2022 13:00,124002,MI,12322,131,1383
30891,21470,670,2022-04-27,04/27/2022 13:00,85848,IL,8544,152,683
14830,44129,923,2022-04-28,04/28/2022 13:00,157199,IL,8310,141,558
5391,9531,704,2022-04-29,04/29/2022 13:00,59692,MI,2859,130,2365
5492,38038,934,2022-04-30,04/30/2022 13:00,39500,PA,16191,199,2766
2461,88939,161,2022-05-01,05/01/2022 13:00,35785,GA,21739,112,915
12997,43674,595,2022-05-02,05/02/2022 13:00,86146,TX,24898,127,2611
33051,95658,886,2022-05-03,05/03/2022 13:00,49997,NC,102,21,346
11348,83476,922,2022-05-04,05/04/2022 13:00,9170,NY,24614,147,4925
13755,30831,283,2022-05-05,05/05/2022 13:00,146375,FL,17743,89,516
5067,58174,563,2022-05-06,05/06/2022 13:00,73743,NC,8290,47,4563
49347,12279,505,2022-05-07,05/07/2022 13:00,37187,GA,29625,150,3817
39781,39220,733,2022-05-08,05/08/2022 13:00,198106,MI,20807,161,207
48503,61610,110,2022-05-09,05/09/2022 13:00,134965,NC,15348,160,2731
20889,53719,566,2022-05-10,05/10/2022 13:00,146825,NY,5873,192,938
45023,54051,91,2022-05-11,05/11/2022 13:00,40090,NC,12886,85,4613
44419,73013,538,2022-05-12,05/12/2022 13:00,197994,TX,19052,167,1521
17067,57652,82,2022-05-13,05/13/2022 13:00,61412,MI,15137,128,4878
3858,66524,23,2022-05-14,05/14/2022 13:00,58030,NC,1985,72,4012
23499,83936,442,2022-05-15,05/15/2022 13:00,19509,NY,7160,42,355
42858,7470,166,2022-05-16,05/16/2022 13:00,70653,NY,16431,9,2927
11488,68598,744,2022-05-17,05/17/2022 13:00,170001,NC,7944,25,937
40946,42798,141,2022-05-18,05/18/2022 13:00,131626,PA,22595,2,3062
32021,54473,347,2022-05-19,05/19/2022 13:00,181363,FL,13550,19,2382
6198,20880,413,2022-05-20,05/20/2022 13:00,6042,OH,9591,20,652
1773,45439,385,2022-05-21,05/21/2022 13:00,195646,IL,18822,70,280
28043,15308,897,2022-05-22,05/22/2022 13:00,39201,MI,9368,17,4352
31849,92563,568,2022-05-23,05/23/2022 13:00,16016,OH,20242,124,1577
11741,97256,116,2022-05-24,05/24/2022 13:00,27022,GA,27857,89,670
9997,36081,629,2022-05-25,05/25/2022 13:00,29938,GA,21294,196,1827
42375,76242,274,2022-05-26,05/26/2022 13:00,176750,NY,9239,94,691
33203,51383,214,2022-05-27,05/27/2022 13:00,120171,GA,6891,84,4616
44541,10837,88,2022-05-28,05/28/2022 13:00,63720,PA,7271,131,2360
32454,53151,164,2022-05-29,05/29/2022 13:00,107514,FL,28414,87,3047
8502,37824,792,2022-05-30,05/30/2022 13:00,189877,GA,19215,51,447
4747,34073,997,2022-05-31,05/31/2022 13:00,135058,TX,28683,82,265
42488,98624,256,2022-06-01,06/01/2022 13:00,78478,FL,17353,154,4543
22198,94648,540,2022-06-02,06/02/2022 13:00,145233,PA,21650,184,2996
20238,27299,867,2022-06-03,06/03/2022 13:00,153761,OH,193,192,4593
11203,59861,957,2022-06-04,06/04/2022 13:00,129101,FL,3087,8,682
48740,31063,547,2022-06-05,06/05/2022 13:00,96699,FL,12947,165,3606
49922,70453,738,2022-06-06,06/06/2022 13:00,193996,OH,10067,121,4503
18070,69472,163,2022-06-07,06/07/2022 13:00,101273,PA,16318,155,3138
12892,15506,163,2022-06-08,06/08/2022 13:00,65745,GA,10552,173,2945
45224,95341,695,2022-06-09,06/09/2022 13:00,134283,NY,8727,4,2866
32799,80854,101,2022-06-10,06/10/2022 13:00,133301,MI,5047,86,4294
16141,27026,442,2022-06-11,06/11/2022 13:00,120972,OH,6751,128,1365
14498,28672,347,2022-06-12,06/12/2022 13:00,181614,OH,23463,110,4353
6805,39417,489,2022-06-13,06/13/2022 13:00,147417,OH,23278,99,4749
33226,53413,702,2022-06-14,06/14/2022 13:00,103489,OH,28976,37,4846
19282,66066,140,2022-06-15,06/15/2022 13:00,33819,MI,23008,71,3067
13221,60213,459,2022-06-16,06/16/2022 13:00,49779,MI,3244,33,2374
40263,51971,819,2022-06-17,06/17/2022 13:00,94244,GA,20071,31,2570
12927,28281,796,2022-06-18,06/18/2022 13:00,67584,NC,29871,183,2390
47050,29091,282,2022-06-19,06/19/2022 13:00,153022,NC,16560,125,2677
21066,51494,938,2022-06-20,06/20/2022 13:00,148245,CA,25491,12,3760
2730,19610,597,2022-06-21,06/21/2022 13:00,60032,OH,9059,11,1168
7011,2079,186,2022-06-22,06/22/2022 13:00,117074,OH,23037,88,2836
49780,96386,705,2022-06-23,06/23/2022 13:00,101273,FL,28361,72,4929
42729,47751,840,2022-06-24,06/24/2022 13:00,30036,NC,8397,32,2050
26677,87126,652,2022-06-25,06/25/2022 13:00,73356,GA,28592,57,191
5265,56432,884,2022-06-26,06/26/2022 13:00,147364,NY,6794,166,3193
20854,31951,58,2022-06-27,06/27/2022 13:00,5052,CA,15935,188,2319
24429,81863,576,2022-06-28,06/28/2022 13:00,46377,CA,19357,86,1487
29320,79291,675,2022-06-29,06/29/2022 13:00,69819,GA,3446,19,4374
46540,60872,364,2022-06-30,06/30/2022 13:00,115689,NY,23508,116,2385
30023,8235,721,2022-07-01,07/01/2022 13:00,148692,FL,19632,184,3306
6052,83733,317,2022-07-02,07/02/2022 13:00,32461,MI,11440,14,3024
1127,63712,877,2022-07-03,07/03/2022 13:00,22750,IL,26141,33,379
12489,22473,894,2022-07-04,07/04/2022 13:00,11472,NC,27263,10,1718
14280,68567,639,2022-07-05,07/05/2022 13:00,71263,OH,344,80,2887
7089,80823,784,2022-07-06,07/06/2022 13:00,114036,GA,2725,192,470
35312,33230,55,2022-07-07,07/07/2022 13:00,190674,NC,3949,64,3283
28628,85573,311,2022-07-08,07/08/2022 13:00,27523,OH,9697,190,3934
46439,93588,877,2022-07-09,07/09/2022 13:00,163838,IL,25657,68,1803
39152,69876,921,2022-07-10,07/10/2022 13:00,105262,IL,7837,92,2368
28290,41644,417,2022-07-11,07/11/2022 13:00,68060,MI,14124,125,403
41453,49664,198,2022-07-12,07/12/2022 13:00,11079,PA,12100,171,3874
749,46203,831,2022-07-13,07/13/2022 13:00,141471,IL,8433,80,1448
19809,67677,839,2022-07-14,07/14/2022 13:00,62726,NC,17376,59,2522
26401,26425,138,2022-07-15,07/15/2022 13:00,94906,TX,21971,180,3728
24076,85817,570,2022-07-16,07/16/2022 13:00,18532,TX,23735,97,2528
32008,86961,546,2022-07-17,07/17/2022 13:00,124689,OH,7410,19,3133
9675,98649,275,2022-07-18,07/18/2022 13:00,45162,OH,2499,149,768
25964,70806,127,2022-07-19,07/19/2022 13:00,136821,PA,4740,22,599
16760,43814,473,2022-07-20,07/20/2022 13:00,13353,TX,19444,9,1514
35940,71219,153,2022-07-21,07/21/2022 13:00,114313,OH,10491,9,629
30046,50646,451,2022-07-22,07/22/2022 13:00,30477,IL,23809,27,3721
40547,40884,209,2022-07-23,07/23/2022 13:00,157642,OH,17953,17,3556
41930,96345,166,2022-07-24,07/24/2022 13:00,88373,CA,10992,172,854
2487,70322,496,2022-07-25,07/25/2022 13:00,144509,PA,11297,45,2447
49742,22650,869,2022-07-26,07/26/2022 13:00,171176,GA,13150,8,826
25605,95242,143,2022-07-27,07/27/2022 13:00,196442,NY,3474,146,4926
13448,10190,921,2022-07-28,07/28/2022 13:00,6551,FL,13011,125,2749
13526,39196,157,2022-07-29,07/29/2022 13:00,70359,NY,8947,123,2146
3273,40449,345,2022-07-30,07/30/2022 13:00,187952,NY,14885,33,2915
46427,40661,80,2022-07-31,07/31/2022 13:00,145988,MI,11060,1,974
10378,30709,242,2022-08-01,08/01/2022 13:00,128150,GA,13635,6,3379
43446,81428,343,2022-08-02,08/02/2022 13:00,174517,OH,8334,41,3084
10877,76179,820,2022-08-03,08/03/2022 13:00,49636,MI,10603,183,2278
7847,10943,675,2022-08-04,08/04/2022 13:00,31685,NY,24407,5,3907
34276,44240,99,2022-08-05,08/05/2022 13:00,53134,CA,5222,187,707
4283,46760,343,2022-08-06,08/06/2022 13:00,90916,FL,9952,80,734
4798,22042,208,2022-08-07,08/07/2022 13:00,109967,NY,5487,18,4679
5168,44894,170,2022-08-08,08/08/2022 13:00,96455,TX,29367,177,2827
21171,7869,547,2022-08-09,08/09/2022 13:00,173065,GA,7731,82,1174
35320,62078,130,2022-08-10,08/10/2022 13:00,177405,GA,7326,65,2014
34984,57759,310,2022-08-11,08/11/2022 13:00,191937,GA,5208,83,688
33578,45306,733,2022-08-12,08/12/2022 13:00,51756,PA,18708,182,3331
47659,56371,584,2022-08-13,08/13/2022 13:00,124863,PA,2210,189,2404
21422,21918,972,2022-08-14,08/14/2022 13:00,63192,IL,1057,136,3938
34528,29379,445,2022-08-15,08/15/2022 13:00,193758,NC,7246,131,2073
46425,91810,77,2022-08-16,08/16/2022 13:00,50733,FL,660,25,2155
20816,84232,774,2022-08-17,08/17/2022 13:00,27993,MI,26006,69,3580
11960,3962,931,2022-08-18,08/18/2022 13:00,163564,OH,23897,183,2179
17468,14851,468,2022-08-19,08/19/2022 13:00,154053,NY,1412,168,3152
30766,46747,523,2022-08-20,08/20/2022 13:00,26143,NC,18305,82,4582
30709,53349,407,2022-08-21,08/21/2022 13:00,193349,OH,27678,178,1351
24500,71832,629,2022-08-22,08/22/2022 13:00,109044,MI,11695,117,3895
14511,57356,295,2022-08-23,08/23/2022 13:00,183062,NC,22130,95,3922
3366,15745,570,2022-08-24,08/24/2022 13:00,130406,OH,21429,33,4402
47633,6730,149,2022-08-25,08/25/2022 13:00,195960,CA,5474,111,3489
6398,14921,739,2022-08-26,08/26/2022 13:00,71351,PA,2751,146,1880
18895,99430,565,2022-08-27,08/27/2022 13:00,183071,MI,10106,125,2704
39519,72138,938,2022-08-28,08/28/2022 13:00,72309,FL,10033,185,3788
38207,84111,790,2022-08-29,08/29/2022 13:00,145518,TX,21185,16,4988
4506,20023,599,2022-08-30,08/30/2022 13:00,163805,CA,28484,80,1824
34893,46349,737,2022-08-31,08/31/2022 13:00,121156,PA,16272,38,2884
11456,82533,903,2022-09-01,09/01/2022 13:00,78000,GA,2977,169,3819
31163,84286,619,2022-09-02,09/02/2022 13:00,181704,PA,22066,135,1777
6578,42979,757,2022-09-03,09/03/2022 13:00,23576,NC,27946,78,548
30131,23837,291,2022-09-04,09/04/2022 13:00,5320,IL,21874,181,4787
30640,15997,670,2022-09-05,09/05/2022 13:00,143822,CA,4183,63,181
42191,89603,933,2022-09-06,09/06/2022 13:00,105002,GA,845,112,1506
4461,46039,825,2022-09-07,09/07/2022 13:00,186535,NC,8849,89,1580
29777,21923,945,2022-09-08,09/08/2022 13:00,28572,MI,27977,160,1179
42074,9876,587,2022-09-09,09/09/2022 13:00,19948,FL,17425,38,3698
31917,61973,755,2022-09-10,09/10/2022 13:00,118528,PA,20507,150,4614
22984,3887,466,2022-09-11,09/11/2022 13:00,171898,MI,18780,144,4283
18603,64723,96,2022-09-12,09/12/2022 13:00,91051,GA,17423,52,3780
29845,43422,88,2022-09-13,09/13/2022 13:00,29867,NC,18094,29,2803
46826,52413,214,2022-09-14,09/14/2022 13:00,193303,IL,22784,144,4410
39954,3841,800,2022-09-15,09/15/2022 13:00,199334,PA,1825,76,3856
2087,29756,346,2022-09-16,09/16/2022 13:00,46678,FL,25660,145,1858
43071,72576,263,2022-09-17,09/17/2022 13:00,109561,IL,26263,64,2699
21531,11304,313,2022-09-18,09/18/2022 13:00,14963,OH,12313,91,2650
26712,31341,389,2022-09-19,09/19/2022 13:00,197432,NC,9628,89,3953
10850,5758,139,2022-09-20,09/20/2022 13:00,51434,MI,14262,13,2846
19316,18010,605,2022-09-21,09/21/2022 13:00,68617,PA,27813,72,2392
20788,61758,285,2022-09-22,09/22/2022 13:00,153341,PA,8953,184,1601
29932,32658,708,2022-09-23,09/23/2022 13:00,119569,GA,7287,5,4504
44722,50002,567,2022-09-24,09/24/2022 13:00,99352,FL,132,12,330
49117,2375,908,2022-09-25,09/25/2022 13:00,81732,TX,14993,169,4350
7337,23092,192,2022-09-26,09/26/2022 13:00,109648,OH,14508,3,1298
