date,state,positive,negative,pending,hospitalized_currently,hospitalized_cumulative,in_icu_currently,in_icu_cumulative,on_ventilator_currently
2021-03-07,AK,56886.0,,,33.0,1293.0,,,2.0
2021-03-07,AL,499819.0,1931711.0,,494.0,45976.0,,2676.0,
2021-03-07,AR,324818.0,2480716.0,,335.0,14926.0,141.0,,65.0
2021-03-07,AS,0.0,2140.0,,,,,,
2021-03-07,AZ,826454.0,3073010.0,,963.0,57907.0,273.0,,143.0
2021-03-07,CA,3501394.0,,,4291.0,,1159.0,,
2021-03-07,CO,436602.0,2199458.0,,326.0,23904.0,,,
2021-03-07,CT,285330.0,,,428.0,,,,
2021-03-07,DC,41419.0,,,150.0,,38.0,,16.0
2021-03-07,DE,88354.0,545070.0,,104.0,,13.0,,
2021-03-07,FL,1909209.0,9339038.0,8544.0,3307.0,82237.0,,,
2021-03-07,GA,1023487.0,,,2008.0,56797.0,,9263.0,
2021-03-07,GU,7749.0,112887.0,,2.0,,1.0,,1.0
2021-03-07,HI,28699.0,,,27.0,2226.0,5.0,,3.0
2021-03-07,HI,28699.0,,,27.0,2226.0,5.0,,3.0
2021-03-07,IA,282384.0,1044418.0,,167.0,,35.0,,6.0
2021-03-07,ID,172931.0,505964.0,,150.0,7184.0,33.0,1245.0,
2021-03-07,IL,1198335.0,,,1141.0,,255.0,,112.0
2021-03-07,IN,667262.0,2483156.0,,656.0,43217.0,104.0,7600.0,50.0
2021-03-07,KS,295861.0,974686.0,,235.0,9387.0,50.0,2554.0,22.0
2021-03-07,KY,410709.0,,,558.0,19457.0,156.0,4034.0,82.0
2021-03-07,LA,433785.0,5261679.0,,532.0,,,,75.0
2021-03-07,MA,591356.0,4404792.0,,665.0,19713.0,174.0,,116.0
2021-03-07,MD,387319.0,3034546.0,,818.0,35651.0,215.0,,
2021-03-07,ME,45794.0,,,67.0,1570.0,16.0,,8.0
2021-03-07,MI,656072.0,,,866.0,,222.0,,97.0
2021-03-07,MI,656072.0,,,866.0,,222.0,,97.0
2021-03-07,MN,490011.0,3058514.0,,224.0,25978.0,57.0,5364.0,
2021-03-07,MO,480643.0,1878583.0,,955.0,,197.0,,135.0
2021-03-07,MP,145.0,17429.0,,,4.0,,,
2021-03-07,MS,297581.0,1459374.0,,419.0,9162.0,89.0,,47.0
2021-03-07,MT,100914.0,,,63.0,4630.0,12.0,,6.0
2021-03-07,NC,872176.0,,,1179.0,,309.0,,
2021-03-07,ND,100391.0,305912.0,,23.0,3880.0,3.0,567.0,
2021-03-07,NE,203026.0,771128.0,,137.0,6237.0,,,
2021-03-07,NH,76861.0,579582.0,,68.0,1131.0,,348.0,
2021-03-07,NJ,812609.0,10186941.0,,1792.0,64396.0,376.0,,232.0
2021-03-07,NM,186922.0,,,169.0,13252.0,,,
2021-03-07,NV,296190.0,1131758.0,,399.0,,87.0,,48.0
2021-03-07,NY,1681169.0,,,4789.0,,999.0,,682.0
2021-03-07,OH,978471.0,,,820.0,50881.0,260.0,7207.0,171.0
2021-03-07,OK,428997.0,3146300.0,2984.0,346.0,24332.0,100.0,,
2021-03-07,OR,157079.0,,,158.0,8714.0,32.0,,12.0
2021-03-07,PA,948643.0,3942124.0,,1587.0,,314.0,,183.0
2021-03-07,PA,948643.0,3942124.0,,1587.0,,314.0,,183.0
2021-03-07,PR,101632.0,305972.0,,134.0,,21.0,,19.0
2021-03-07,RI,128781.0,677570.0,,141.0,9020.0,25.0,,16.0
2021-03-07,SC,525865.0,4657179.0,,579.0,20725.0,137.0,,83.0
2021-03-07,SD,113589.0,314540.0,,72.0,6705.0,9.0,,6.0
2021-03-07,TN,782206.0,,,851.0,18870.0,218.0,,127.0
2021-03-07,TX,2686818.0,,,4721.0,,1463.0,,
2021-03-07,UT,374850.0,1560293.0,,212.0,14891.0,73.0,2344.0,
2021-03-07,VA,585700.0,,169.0,1127.0,24661.0,258.0,,168.0
2021-03-07,VI,2714.0,46167.0,80.0,,,,,
2021-03-07,VT,16083.0,320060.0,,31.0,,1.0,,
2021-03-07,WA,344532.0,,,431.0,19599.0,98.0,,43.0
2021-03-07,WI,621654.0,2647864.0,31.0,249.0,26457.0,66.0,2273.0,
2021-03-07,WI,621654.0,2647864.0,31.0,249.0,26457.0,66.0,2273.0,
2021-03-07,WV,133445.0,,,179.0,,40.0,,26.0
2021-03-07,WY,54764.0,182264.0,,21.0,1391.0,,,
2021-03-06,AK,56886.0,,,33.0,1293.0,,,2.0
2021-03-06,AL,499411.0,1929624.0,,526.0,45976.0,,2675.0,
2021-03-06,AR,324653.0,2477449.0,,345.0,14915.0,148.0,,75.0
2021-03-06,AS,0.0,2140.0,,,,,,
2021-03-06,AZ,825119.0,3059332.0,,966.0,57863.0,280.0,,140.0
2021-03-06,CA,3497578.0,,,4513.0,,1221.0,,
2021-03-06,CO,435762.0,2199458.0,,326.0,23886.0,,,
2021-03-06,CT,285330.0,,,428.0,,,,
2021-03-06,DC,41273.0,,,150.0,,40.0,,15.0
2021-03-06,DE,88139.0,544153.0,,114.0,,12.0,,
2021-03-06,FL,1905185.0,9319872.0,8496.0,3352.0,82145.0,,,
2021-03-06,GA,1021778.0,,,2071.0,56762.0,,9260.0,
2021-03-06,GU,7749.0,112887.0,,2.0,,1.0,,1.0
2021-03-06,HI,28646.0,,,27.0,2226.0,5.0,,3.0
2021-03-06,HI,28646.0,,,27.0,2226.0,5.0,,3.0
2021-03-06,IA,282127.0,1043119.0,,170.0,,38.0,,10.0
2021-03-06,ID,172827.0,505429.0,,150.0,7179.0,33.0,1245.0,
2021-03-06,IL,1197267.0,,,1210.0,,261.0,,108.0
2021-03-06,IN,666516.0,2478513.0,,663.0,43153.0,118.0,7586.0,60.0
2021-03-06,KS,295861.0,974686.0,,235.0,9387.0,50.0,2554.0,22.0
2021-03-06,KY,410184.0,,,591.0,19451.0,171.0,4034.0,72.0
2021-03-06,LA,433045.0,5241101.0,,538.0,,,,77.0
2021-03-06,MA,589931.0,4396764.0,,687.0,19713.0,176.0,,114.0
2021-03-06,MD,386610.0,3032496.0,,830.0,35572.0,230.0,,
2021-03-06,ME,45635.0,,,74.0,1566.0,20.0,,9.0
2021-03-06,MI,656072.0,,,866.0,,222.0,,97.0
2021-03-06,MI,656072.0,,,866.0,,222.0,,97.0
2021-03-06,MN,489116.0,3050296.0,,224.0,25976.0,57.0,5364.0,
2021-03-06,MO,480352.0,1875633.0,,1001.0,,198.0,,136.0
2021-03-06,MP,144.0,17429.0,,,4.0,,,
2021-03-06,MS,297321.0,1459374.0,,419.0,9162.0,89.0,,47.0
2021-03-06,MT,100842.0,,,63.0,4629.0,12.0,,6.0
2021-03-06,NC,872176.0,,,1179.0,,309.0,,
2021-03-06,ND,100357.0,306021.0,,21.0,3878.0,3.0,567.0,
2021-03-06,NE,202653.0,770586.0,,136.0,6229.0,,,
2021-03-06,NH,76695.0,579186.0,,90.0,1127.0,,348.0,
2021-03-06,NJ,810090.0,10186941.0,,1862.0,64338.0,382.0,,233.0
2021-03-06,NM,186742.0,,,148.0,13242.0,,,
2021-03-06,NV,295460.0,1129929.0,,399.0,,87.0,,48.0
2021-03-06,NY,1674380.0,,,4954.0,,1012.0,,694.0
2021-03-06,OH,977736.0,,,922.0,50848.0,273.0,7205.0,188.0
2021-03-06,OK,428536.0,3146300.0,2984.0,346.0,24277.0,100.0,,
2021-03-06,OR,156884.0,,,158.0,8714.0,32.0,,12.0
2021-03-06,PA,946985.0,3935532.0,,1513.0,,314.0,,171.0
2021-03-06,PA,946985.0,3935532.0,,1513.0,,314.0,,171.0
2021-03-06,PR,101327.0,305972.0,,147.0,,24.0,,18.0
2021-03-06,RI,128516.0,676149.0,,141.0,9020.0,25.0,,16.0
2021-03-06,SC,524457.0,4631323.0,,623.0,20659.0,157.0,,86.0
2021-03-06,SD,113378.0,314016.0,,74.0,6692.0,10.0,,7.0
2021-03-06,TN,782206.0,,,879.0,18870.0,223.0,,127.0
2021-03-06,TX,2683865.0,,,4921.0,,1503.0,,
2021-03-06,UT,374438.0,1557089.0,,216.0,14867.0,77.0,2344.0,
2021-03-06,VA,584537.0,,187.0,1164.0,24637.0,263.0,,160.0
2021-03-06,VI,2714.0,46167.0,80.0,,,,,
2021-03-06,VT,15964.0,319417.0,,26.0,,2.0,,
2021-03-06,WA,343868.0,,,431.0,19556.0,98.0,,30.0
2021-03-06,WI,621277.0,2644343.0,36.0,260.0,26432.0,77.0,2271.0,
2021-03-06,WI,621277.0,2644343.0,36.0,260.0,26432.0,77.0,2271.0,
2021-03-06,WV,133290.0,,,196.0,,56.0,,27.0
2021-03-06,WY,54764.0,182264.0,,21.0,1391.0,,,
2021-03-05,AK,56886.0,,,33.0,1293.0,,,2.0
2021-03-05,AL,498887.0,1924758.0,,526.0,45976.0,,2672.0,
2021-03-05,AR,324326.0,2472738.0,,359.0,14903.0,153.0,,86.0
2021-03-05,AS,0.0,2140.0,,,,,,
2021-03-05,AZ,823384.0,3050890.0,,1043.0,57819.0,325.0,,154.0
2021-03-05,CA,3493126.0,,,4714.0,,1236.0,,
2021-03-05,CO,434654.0,2193953.0,,356.0,23863.0,,,
2021-03-05,CT,285330.0,,,428.0,,,,
2021-03-05,DC,41122.0,,,160.0,,45.0,,19.0
2021-03-05,DE,87874.0,542791.0,,127.0,,15.0,,
2021-03-05,FL,1900598.0,9296590.0,8453.0,3419.0,81902.0,,,
2021-03-05,GA,1019509.0,,,2099.0,56627.0,,9236.0,
2021-03-05,GU,7748.0,112887.0,,2.0,,1.0,,1.0
2021-03-05,HI,28561.0,,,28.0,2225.0,5.0,,3.0
2021-03-05,HI,28561.0,,,28.0,2225.0,5.0,,3.0
2021-03-05,IA,281765.0,1041604.0,,176.0,,39.0,,9.0
2021-03-05,ID,172587.0,504925.0,,139.0,7164.0,32.0,1242.0,
2021-03-05,IL,1194702.0,,,1166.0,,263.0,,121.0
2021-03-05,IN,665285.0,2473358.0,,730.0,43104.0,123.0,7588.0,64.0
2021-03-05,KS,295861.0,974686.0,,235.0,9387.0,50.0,2554.0,22.0
2021-03-05,KY,409345.0,,,606.0,19380.0,179.0,4023.0,76.0
2021-03-05,LA,433045.0,5241101.0,,538.0,,,,77.0
2021-03-05,MA,588209.0,4388938.0,,716.0,19713.0,180.0,,109.0
2021-03-05,MD,385678.0,3024949.0,,849.0,35378.0,229.0,,
2021-03-05,ME,45452.0,,,74.0,1560.0,27.0,,10.0
2021-03-05,MI,654380.0,,,866.0,,222.0,,97.0
2021-03-05,MI,654380.0,,,866.0,,222.0,,97.0
2021-03-05,MN,488170.0,3043308.0,,224.0,25938.0,57.0,5352.0,
2021-03-05,MO,479966.0,1872325.0,,1019.0,,202.0,,135.0
2021-03-05,MP,144.0,17429.0,,,4.0,,,
2021-03-05,MS,296745.0,1459374.0,,445.0,9162.0,99.0,,53.0
2021-03-05,MT,100656.0,,,67.0,4610.0,12.0,,7.0
2021-03-05,NC,870149.0,,,1226.0,,314.0,,
2021-03-05,ND,100278.0,305910.0,,22.0,3875.0,3.0,567.0,
2021-03-05,NE,202310.0,769232.0,,143.0,6226.0,,,
2021-03-05,NH,76422.0,577690.0,,90.0,1126.0,,348.0,
2021-03-05,NJ,806370.0,10186941.0,,1881.0,65254.0,389.0,,223.0
2021-03-05,NM,186460.0,,,183.0,13229.0,,,
2021-03-05,NV,295460.0,1127378.0,,393.0,,88.0,,49.0
2021-03-05,NY,1666733.0,,,5034.0,,1030.0,,700.0
2021-03-05,OH,976230.0,,,919.0,50782.0,266.0,7184.0,185.0
2021-03-05,OK,427558.0,3135060.0,3464.0,366.0,24157.0,109.0,,
2021-03-05,OR,156673.0,,,154.0,8699.0,30.0,,14.0
2021-03-05,PA,944196.0,3926038.0,,1587.0,,325.0,,173.0
2021-03-05,PA,944196.0,3926038.0,,1587.0,,325.0,,173.0
2021-03-05,PR,101066.0,305972.0,,136.0,,23.0,,18.0
2021-03-05,RI,128121.0,674515.0,,141.0,9020.0,25.0,,16.0
2021-03-05,SC,523258.0,4603549.0,,664.0,20605.0,163.0,,88.0
2021-03-05,SD,113229.0,313260.0,,74.0,6681.0,16.0,,8.0
2021-03-05,TN,780894.0,,,939.0,18837.0,246.0,,135.0
2021-03-05,TX,2678295.0,,,5065.0,,1530.0,,
2021-03-05,UT,373868.0,1553533.0,,238.0,14841.0,85.0,2339.0,
2021-03-05,VA,583060.0,,180.0,1222.0,24514.0,254.0,,150.0
2021-03-05,VI,2714.0,46167.0,80.0,,,,,
2021-03-05,VT,15819.0,318720.0,,26.0,,4.0,,
2021-03-05,WA,343090.0,,,413.0,19500.0,108.0,,57.0
2021-03-05,WI,620663.0,2642182.0,36.0,260.0,26387.0,77.0,2268.0,
2021-03-05,WI,620663.0,2642182.0,36.0,260.0,26387.0,77.0,2268.0,
2021-03-05,WV,132964.0,,,200.0,,55.0,,28.0
2021-03-05,WY,54764.0,182264.0,,21.0,1391.0,,,
2021-03-04,AK,56745.0,,,32.0,1290.0,,,2.0
2021-03-04,AL,498076.0,1920535.0,,544.0,45807.0,,2666.0,
2021-03-04,AR,323756.0,2464286.0,,397.0,14876.0,165.0,,91.0
2021-03-04,AS,0.0,2140.0,,,,,,
2021-03-04,AZ,821108.0,3032112.0,,1072.0,57747.0,343.0,,165.0
2021-03-04,CA,3488467.0,,,4967.0,,1327.0,,
2021-03-04,CO,433021.0,2188741.0,,355.0,23791.0,,,
2021-03-04,CT,284500.0,,,433.0,,,,
2021-03-04,DC,41014.0,,,170.0,,49.0,,18.0
2021-03-04,DE,87643.0,541771.0,,130.0,,18.0,,
2021-03-04,FL,1894722.0,9269680.0,8435.0,3566.0,81600.0,,,
2021-03-04,GA,1017428.0,,,2191.0,56512.0,,9221.0,
2021-03-04,GU,7747.0,112349.0,,5.0,,1.0,,1.0
2021-03-04,HI,28466.0,,,28.0,2225.0,5.0,,3.0
2021-03-04,HI,28466.0,,,28.0,2225.0,5.0,,3.0
2021-03-04,IA,281391.0,1040055.0,,184.0,,39.0,,11.0
2021-03-04,ID,172288.0,503691.0,,139.0,7144.0,32.0,1241.0,
2021-03-04,IL,1193260.0,,,1200.0,,260.0,,128.0
2021-03-04,IN,664446.0,2468877.0,,692.0,43044.0,131.0,7567.0,63.0
2021-03-04,KS,295109.0,969651.0,,203.0,9355.0,59.0,2541.0,23.0
2021-03-04,KY,408440.0,,,645.0,19364.0,172.0,4020.0,91.0
2021-03-04,LA,432527.0,5222458.0,,554.0,,,,74.0
2021-03-04,MA,586310.0,4380031.0,,741.0,19713.0,168.0,,100.0
2021-03-04,MD,384765.0,3018120.0,,856.0,35304.0,216.0,,
2021-03-04,ME,45227.0,,,69.0,1549.0,23.0,,8.0
2021-03-04,MI,652589.0,,,890.0,,229.0,,102.0
2021-03-04,MI,652589.0,,,890.0,,229.0,,102.0
2021-03-04,MN,487374.0,3035998.0,,229.0,25896.0,59.0,5344.0,
2021-03-04,MO,479536.0,1868601.0,,999.0,,213.0,,136.0
2021-03-04,MP,144.0,17429.0,,,4.0,,,
2021-03-04,MS,296154.0,1459374.0,,448.0,9162.0,101.0,,62.0
2021-03-04,MT,100531.0,,,73.0,4608.0,14.0,,7.0
2021-03-04,NC,868056.0,,,1290.0,,326.0,,
2021-03-04,ND,100184.0,305598.0,,22.0,3875.0,3.0,567.0,
2021-03-04,NE,201973.0,768130.0,,151.0,6157.0,,,
2021-03-04,NH,76178.0,577245.0,,92.0,1127.0,,348.0,
2021-03-04,NJ,802669.0,10096351.0,,1900.0,64137.0,376.0,,214.0
2021-03-04,NM,186156.0,,,177.0,13215.0,,,
2021-03-04,NV,295069.0,1125254.0,,407.0,,97.0,,47.0
2021-03-04,NY,1657777.0,,,5177.0,,1043.0,,712.0
2021-03-04,OH,974480.0,,,1009.0,50695.0,270.0,7181.0,196.0
2021-03-04,OK,426641.0,3126761.0,3620.0,404.0,24103.0,118.0,,
2021-03-04,OR,156287.0,,,165.0,8682.0,37.0,,12.0
2021-03-04,PA,941439.0,3915271.0,,1628.0,,350.0,,177.0
2021-03-04,PA,941439.0,3915271.0,,1628.0,,350.0,,177.0
2021-03-04,PR,100867.0,305972.0,,171.0,,23.0,,19.0
2021-03-04,RI,127727.0,673128.0,,148.0,9002.0,23.0,,16.0
2021-03-04,SC,521563.0,4578250.0,,734.0,20542.0,180.0,,91.0
2021-03-04,SD,113065.0,312421.0,,87.0,6664.0,17.0,,10.0
2021-03-04,TN,779449.0,,,970.0,18779.0,258.0,,127.0
2021-03-04,TX,2671442.0,,,5263.0,,1599.0,,
2021-03-04,UT,372708.0,1549760.0,,247.0,14783.0,92.0,2331.0,
2021-03-04,VA,581408.0,,218.0,1352.0,24414.0,284.0,,184.0
2021-03-04,VI,2704.0,46007.0,113.0,,,,,
2021-03-04,VT,15686.0,318086.0,,27.0,,5.0,,
2021-03-04,WA,342236.0,,,461.0,19466.0,121.0,,61.0
2021-03-04,WI,619942.0,2639148.0,19.0,262.0,26330.0,67.0,2266.0,
2021-03-04,WI,619942.0,2639148.0,19.0,262.0,26330.0,67.0,2266.0,
2021-03-04,WV,132677.0,,,193.0,,57.0,,22.0
2021-03-04,WY,54685.0,181957.0,,23.0,1389.0,,,
2021-03-03,AK,56605.0,,,26.0,1285.0,,,2.0
2021-03-03,AL,497154.0,1915545.0,,559.0,45723.0,,2662.0,
2021-03-03,AR,323353.0,2455309.0,,397.0,14826.0,165.0,,91.0
2021-03-03,AS,0.0,2140.0,,,,,,
2021-03-03,AZ,819954.0,3022710.0,,1165.0,57697.0,381.0,,177.0
2021-03-03,CA,3484963.0,,,5110.0,,1403.0,,
2021-03-03,CO,431670.0,2183138.0,,389.0,23735.0,,,
2021-03-03,CT,283622.0,,,451.0,,,,
2021-03-03,DC,40818.0,,,177.0,,47.0,,23.0
2021-03-03,DE,87425.0,540964.0,,135.0,,17.0,,
2021-03-03,FL,1888725.0,9243230.0,8396.0,3596.0,81278.0,,,
2021-03-03,GA,1014542.0,,,2299.0,56369.0,,9186.0,
2021-03-03,GU,7745.0,111925.0,,4.0,,1.0,,1.0
2021-03-03,HI,28407.0,,,26.0,2226.0,7.0,,3.0
2021-03-03,HI,28407.0,,,26.0,2226.0,7.0,,3.0
2021-03-03,IA,280991.0,1038003.0,,191.0,,40.0,,11.0
2021-03-03,ID,171836.0,502595.0,,121.0,7131.0,32.0,1239.0,
2021-03-03,IL,1191520.0,,,1260.0,,275.0,,138.0
2021-03-03,IN,663511.0,2464082.0,,731.0,42955.0,131.0,7555.0,65.0
2021-03-03,KS,295109.0,969651.0,,203.0,9355.0,59.0,2541.0,23.0
2021-03-03,KY,407373.0,,,680.0,19304.0,175.0,4008.0,79.0
2021-03-03,LA,431771.0,5198424.0,,588.0,,,,78.0
2021-03-03,MA,584743.0,4371477.0,,755.0,19713.0,173.0,,109.0
2021-03-03,MD,383956.0,3012179.0,,863.0,35223.0,228.0,,
2021-03-03,ME,45091.0,,,67.0,1545.0,24.0,,8.0
2021-03-03,MI,650762.0,,,882.0,,234.0,,100.0
2021-03-03,MI,650762.0,,,882.0,,234.0,,100.0
2021-03-03,MN,486434.0,3021554.0,,243.0,25863.0,57.0,5340.0,
2021-03-03,MO,479069.0,1865013.0,,989.0,,213.0,,146.0
2021-03-03,MP,144.0,17429.0,,,4.0,,,
2021-03-03,MS,295675.0,1459374.0,,469.0,9162.0,120.0,,64.0
2021-03-03,MT,100351.0,,,67.0,4600.0,13.0,,7.0
2021-03-03,NC,865554.0,,,1303.0,,332.0,,
2021-03-03,ND,100067.0,305504.0,,20.0,3871.0,3.0,567.0,
2021-03-03,NE,201608.0,766781.0,,150.0,6147.0,,,
2021-03-03,NH,75990.0,575625.0,,89.0,1123.0,,347.0,
2021-03-03,NJ,799476.0,10096351.0,,1921.0,64050.0,403.0,,243.0
2021-03-03,NM,185898.0,,,195.0,13190.0,,,
2021-03-03,NV,294684.0,1122823.0,,440.0,,100.0,,53.0
2021-03-03,NY,1650184.0,,,5323.0,,1047.0,,735.0
2021-03-03,OH,972605.0,,,1081.0,50613.0,279.0,7174.0,195.0
2021-03-03,OK,425746.0,3116303.0,3021.0,427.0,24064.0,135.0,,
2021-03-03,OR,156037.0,,,184.0,8653.0,33.0,,11.0
2021-03-03,PA,938411.0,3906535.0,,1648.0,,357.0,,186.0
2021-03-03,PA,938411.0,3906535.0,,1648.0,,357.0,,186.0
2021-03-03,PR,100765.0,305972.0,,169.0,,33.0,,25.0
2021-03-03,RI,127285.0,671542.0,,147.0,8982.0,23.0,,14.0
2021-03-03,SC,519996.0,4558148.0,,706.0,20501.0,190.0,,86.0
2021-03-03,SD,112833.0,311512.0,,97.0,6654.0,16.0,,8.0
2021-03-03,TN,777935.0,,,1033.0,18742.0,259.0,,140.0
2021-03-03,TX,2663414.0,,,5508.0,,1713.0,,
2021-03-03,UT,372708.0,1545558.0,,247.0,14783.0,92.0,2331.0,
2021-03-03,VA,580108.0,,218.0,1352.0,24354.0,284.0,,184.0
2021-03-03,VI,2695.0,45841.0,107.0,,,,,
2021-03-03,VT,15487.0,317364.0,,24.0,,5.0,,
2021-03-03,WA,341441.0,,,467.0,19433.0,131.0,,64.0
2021-03-03,WI,619087.0,2634999.0,36.0,267.0,26279.0,69.0,2264.0,
2021-03-03,WI,619087.0,2634999.0,36.0,267.0,26279.0,69.0,2264.0,
2021-03-03,WV,132416.0,,,197.0,,60.0,,25.0
2021-03-03,WY,54616.0,181681.0,,24.0,1388.0,,,
2021-03-02,AK,56428.0,,,26.0,1286.0,,,6.0
2021-03-02,AL,494421.0,1908302.0,,631.0,45699.0,,2659.0,
2021-03-02,AR,322949.0,2448042.0,,416.0,14795.0,160.0,,80.0
2021-03-02,AS,0.0,2140.0,,,,,,
2021-03-02,AZ,818670.0,3007671.0,,1202.0,57591.0,385.0,,203.0
2021-03-02,CA,3481611.0,,,5302.0,,1452.0,,
2021-03-02,CO,430615.0,2178555.0,,395.0,23593.0,,,
2021-03-02,CT,283128.0,,,413.0,,,,
2021-03-02,DC,40767.0,,,177.0,,47.0,,29.0
2021-03-02,DE,87193.0,539891.0,,151.0,,18.0,,
2021-03-02,FL,1882865.0,9225981.0,8411.0,3674.0,80972.0,,,
2021-03-02,GA,1011807.0,,,2348.0,56251.0,,9158.0,
2021-03-02,GU,7742.0,111547.0,,4.0,,2.0,,1.0
2021-03-02,HI,28390.0,,,31.0,2226.0,6.0,,3.0
2021-03-02,HI,28390.0,,,31.0,2226.0,6.0,,3.0
2021-03-02,IA,280509.0,1036107.0,,209.0,,39.0,,11.0
2021-03-02,ID,171462.0,501356.0,,121.0,7111.0,32.0,1234.0,
2021-03-02,IL,1189416.0,,,1231.0,,281.0,,148.0
2021-03-02,IN,662750.0,2460279.0,,765.0,42862.0,123.0,7535.0,64.0
2021-03-02,KS,294302.0,964803.0,,165.0,9290.0,43.0,2521.0,16.0
2021-03-02,KY,406201.0,,,684.0,19234.0,178.0,3993.0,82.0
2021-03-02,LA,431271.0,5177425.0,,629.0,,,,89.0
2021-03-02,MA,582844.0,4362966.0,,775.0,19444.0,187.0,,116.0
2021-03-02,MD,383170.0,3006690.0,,896.0,35152.0,232.0,,
2021-03-02,ME,44944.0,,,69.0,1536.0,25.0,,8.0
2021-03-02,MI,649057.0,,,959.0,,228.0,,99.0
2021-03-02,MI,649057.0,,,959.0,,228.0,,99.0
2021-03-02,MN,485655.0,3017033.0,,243.0,25826.0,57.0,5329.0,
2021-03-02,MO,478682.0,1862141.0,,1025.0,,213.0,,141.0
2021-03-02,MP,143.0,17429.0,,,4.0,,,
2021-03-02,MS,295295.0,1459374.0,,457.0,9162.0,109.0,,69.0
2021-03-02,MT,100158.0,,,83.0,4591.0,20.0,,7.0
2021-03-02,NC,863409.0,,,1353.0,,334.0,,
2021-03-02,ND,99957.0,305430.0,,24.0,3874.0,3.0,566.0,
2021-03-02,NE,201346.0,765676.0,,154.0,6140.0,,,
2021-03-02,NH,75803.0,576072.0,,88.0,1119.0,,346.0,
2021-03-02,NJ,795785.0,9983526.0,,1915.0,63917.0,395.0,,228.0
2021-03-02,NM,185542.0,,,199.0,13148.0,,,
2021-03-02,NV,294289.0,1120242.0,,459.0,,108.0,,53.0
2021-03-02,NY,1642480.0,,,5369.0,,1076.0,,747.0
2021-03-02,OH,970583.0,,,1131.0,50503.0,295.0,7160.0,207.0
2021-03-02,OK,424999.0,3100280.0,2435.0,447.0,23999.0,134.0,,
2021-03-02,OR,155787.0,,,158.0,8621.0,33.0,,13.0
2021-03-02,PA,935834.0,3898167.0,,1670.0,,354.0,,190.0
2021-03-02,PA,935834.0,3898167.0,,1670.0,,354.0,,190.0
2021-03-02,PR,100735.0,305972.0,,162.0,,23.0,,24.0
2021-03-02,RI,126849.0,670284.0,,157.0,8966.0,25.0,,17.0
2021-03-02,SC,518823.0,4549598.0,,706.0,20428.0,190.0,,86.0
2021-03-02,SD,112652.0,310811.0,,92.0,6640.0,13.0,,10.0
2021-03-02,TN,776337.0,,,991.0,18679.0,256.0,,133.0
2021-03-02,TX,2655592.0,,,5644.0,,1728.0,,
2021-03-02,UT,371979.0,1541145.0,,237.0,14753.0,92.0,2324.0,
2021-03-02,VA,578559.0,,217.0,1345.0,24258.0,305.0,,200.0
2021-03-02,VI,2646.0,45225.0,110.0,,,,,
2021-03-02,VT,15372.0,317005.0,,24.0,,7.0,,
2021-03-02,WA,340708.0,,,473.0,19372.0,125.0,,61.0
2021-03-02,WI,618307.0,2631712.0,23.0,275.0,26222.0,71.0,2259.0,
2021-03-02,WI,618307.0,2631712.0,23.0,275.0,26222.0,71.0,2259.0,
2021-03-02,WV,132184.0,,,210.0,,61.0,,28.0
2021-03-02,WY,54527.0,181403.0,,24.0,1385.0,,,
2021-03-01,AK,56339.0,,,25.0,1279.0,,,5.0
2021-03-01,AL,493769.0,1905141.0,,651.0,45648.0,,2651.0,
2021-03-01,AR,322509.0,2444369.0,,441.0,14763.0,173.0,,84.0
2021-03-01,AS,0.0,2140.0,,,,,,
2021-03-01,AZ,817821.0,3002212.0,,1241.0,57589.0,382.0,,196.0
2021-03-01,CA,3479078.0,,,5409.0,,1518.0,,
2021-03-01,CO,429839.0,2175502.0,,427.0,23550.0,,,
2021-03-01,CT,282626.0,,,417.0,,,,
2021-03-01,DC,40684.0,,,168.0,,46.0,,25.0
2021-03-01,DE,87080.0,539551.0,,151.0,,23.0,,
2021-03-01,FL,1875818.0,9192789.0,8441.0,3686.0,80659.0,,,
2021-03-01,GA,1008660.0,,,2348.0,56089.0,,9132.0,
2021-03-01,GU,7737.0,109867.0,,3.0,,2.0,,1.0
2021-03-01,HI,28355.0,,,31.0,2214.0,3.0,,3.0
2021-03-01,HI,28355.0,,,31.0,2214.0,3.0,,3.0
2021-03-01,IA,280279.0,1035119.0,,197.0,,48.0,,15.0
2021-03-01,ID,171140.0,500096.0,,162.0,7076.0,35.0,1231.0,
2021-03-01,IL,1187839.0,,,1288.0,,308.0,,148.0
2021-03-01,IN,662213.0,2457982.0,,763.0,42815.0,124.0,7514.0,66.0
2021-03-01,KS,294302.0,964803.0,,165.0,9290.0,43.0,2521.0,16.0
2021-03-01,KY,405126.0,,,719.0,19143.0,180.0,3976.0,82.0
2021-03-01,LA,430504.0,5155000.0,,629.0,,,,91.0
2021-03-01,MA,582543.0,4355357.0,,788.0,19444.0,184.0,,119.0
2021-03-01,MD,382702.0,3003717.0,,904.0,35069.0,235.0,,
2021-03-01,ME,44762.0,,,62.0,1529.0,20.0,,8.0
2021-03-01,MI,647415.0,,,893.0,,226.0,,103.0
2021-03-01,MI,647415.0,,,893.0,,226.0,,103.0
2021-03-01,MN,485230.0,3015197.0,,230.0,25727.0,47.0,5308.0,
2021-03-01,MO,478416.0,1859688.0,,1066.0,,212.0,,125.0
2021-03-01,MP,143.0,17429.0,,,4.0,,,
2021-03-01,MS,294994.0,1459374.0,,455.0,9012.0,111.0,,65.0
2021-03-01,MT,100003.0,,,68.0,4584.0,13.0,,6.0
2021-03-01,NC,862170.0,,,1319.0,,333.0,,
2021-03-01,ND,99852.0,305019.0,,25.0,3871.0,3.0,565.0,
2021-03-01,NE,200946.0,764460.0,,158.0,6106.0,,,
2021-03-01,NH,75588.0,575922.0,,90.0,1118.0,,345.0,
2021-03-01,NJ,792496.0,9868082.0,,1865.0,63777.0,387.0,,226.0
2021-03-01,NM,185297.0,,,186.0,13127.0,,,
2021-03-01,NV,293980.0,1119425.0,,464.0,,105.0,,56.0
2021-03-01,NY,1636680.0,,,5307.0,,1065.0,,741.0
2021-03-01,OH,968847.0,,,1181.0,50382.0,295.0,7148.0,224.0
2021-03-01,OK,424888.0,3084829.0,2965.0,484.0,23995.0,150.0,,
2021-03-01,OR,155597.0,,,177.0,8570.0,35.0,,16.0
2021-03-01,PA,933270.0,3889842.0,,1715.0,,366.0,,203.0
2021-03-01,PA,933270.0,3889842.0,,1715.0,,366.0,,203.0
2021-03-01,PR,100584.0,305972.0,,155.0,,23.0,,23.0
2021-03-01,RI,126588.0,669132.0,,162.0,8947.0,28.0,,18.0
2021-03-01,SC,517976.0,4535334.0,,725.0,20406.0,194.0,,88.0
2021-03-01,SD,112470.0,310347.0,,92.0,6632.0,15.0,,7.0
2021-03-01,TN,775693.0,,,1009.0,18620.0,257.0,,127.0
2021-03-01,TX,2647845.0,,,5611.0,,1747.0,,
2021-03-01,UT,371492.0,1538003.0,,238.0,14724.0,89.0,2309.0,
2021-03-01,VA,577174.0,,188.0,1321.0,24158.0,295.0,,196.0
2021-03-01,VI,2646.0,45225.0,110.0,,,,,
2021-03-01,VT,15284.0,316758.0,,29.0,,8.0,,
2021-03-01,WA,339773.0,,,498.0,19319.0,135.0,,58.0
2021-03-01,WI,617700.0,2629622.0,44.0,287.0,26158.0,73.0,2256.0,
2021-03-01,WI,617700.0,2629622.0,44.0,287.0,26158.0,73.0,2256.0,
2021-03-01,WV,132048.0,,,225.0,,59.0,,30.0
2021-03-01,WY,54471.0,181196.0,,28.0,1384.0,,,
2021-02-28,AK,55989.0,,,43.0,1277.0,,,5.0
2021-02-28,AL,493252.0,1903691.0,,657.0,45428.0,,2650.0,
2021-02-28,AR,322415.0,2441857.0,,455.0,14763.0,183.0,,85.0
2021-02-28,AS,0.0,2140.0,,,,,,
2021-02-28,AZ,816782.0,2996831.0,,1251.0,57599.0,402.0,,210.0
2021-02-28,CA,3475562.0,,,5674.0,,1585.0,,
2021-02-28,CO,428303.0,2172628.0,,404.0,23476.0,,,
2021-02-28,CT,279946.0,,,451.0,,,,
2021-02-28,DC,40598.0,,,163.0,,45.0,,26.0
2021-02-28,DE,86799.0,538644.0,,142.0,,22.0,,
2021-02-28,FL,1874154.0,9185534.0,8433.0,3679.0,80572.0,,,
2021-02-28,GA,1006521.0,,,2341.0,56039.0,,9126.0,
2021-02-28,GU,7736.0,109867.0,,4.0,,1.0,,1.0
2021-02-28,HI,28326.0,,,30.0,2214.0,3.0,,3.0
2021-02-28,HI,28326.0,,,30.0,2214.0,3.0,,3.0
2021-02-28,IA,280039.0,1033790.0,,196.0,,50.0,,19.0
2021-02-28,ID,171140.0,500096.0,,162.0,7076.0,35.0,1231.0,
2021-02-28,IL,1186696.0,,,1265.0,,303.0,,150.0
2021-02-28,IN,661673.0,2455528.0,,778.0,42775.0,116.0,7508.0,67.0
2021-02-28,KS,293663.0,960800.0,,258.0,9249.0,63.0,2510.0,29.0
2021-02-28,KY,404622.0,,,732.0,19101.0,187.0,3970.0,118.0
2021-02-28,LA,430100.0,5147067.0,,630.0,,,,91.0
2021-02-28,MA,581148.0,4348539.0,,760.0,19444.0,183.0,,124.0
2021-02-28,MD,382099.0,2999585.0,,868.0,35000.0,240.0,,
2021-02-28,ME,44634.0,,,72.0,1527.0,24.0,,8.0
2021-02-28,MI,645550.0,,,841.0,,195.0,,93.0
2021-02-28,MI,645550.0,,,841.0,,195.0,,93.0
2021-02-28,MN,484594.0,3008703.0,,263.0,25719.0,60.0,5306.0,
2021-02-28,MO,478224.0,1857446.0,,1172.0,,229.0,,136.0
2021-02-28,MP,143.0,17429.0,,,4.0,,,
2021-02-28,MS,294795.0,1436186.0,,492.0,9012.0,114.0,,69.0
2021-02-28,MT,99954.0,,,68.0,4581.0,13.0,,6.0
2021-02-28,NC,858548.0,,,1414.0,,348.0,,
2021-02-28,ND,99809.0,304951.0,,21.0,3867.0,3.0,565.0,
2021-02-28,NE,200848.0,764004.0,,151.0,6102.0,,,
2021-02-28,NH,75424.0,576603.0,,87.0,1118.0,,345.0,
2021-02-28,NJ,789356.0,9868082.0,,1849.0,63713.0,393.0,,229.0
2021-02-28,NM,185132.0,,,192.0,13108.0,,,
2021-02-28,NV,293754.0,1117229.0,,491.0,,115.0,,67.0
2021-02-28,NY,1630445.0,,,5259.0,,1083.0,,728.0
2021-02-28,OH,967422.0,,,1149.0,50279.0,316.0,7134.0,203.0
2021-02-28,OK,424508.0,3084829.0,2965.0,484.0,23985.0,150.0,,
2021-02-28,OR,155315.0,,,177.0,8570.0,35.0,,16.0
2021-02-28,PA,931642.0,3884586.0,,1720.0,,374.0,,211.0
2021-02-28,PA,931642.0,3884586.0,,1720.0,,374.0,,211.0
2021-02-28,PR,100297.0,305972.0,,150.0,,25.0,,20.0
2021-02-28,RI,126436.0,668442.0,,168.0,8900.0,34.0,,19.0
2021-02-28,SC,516823.0,4510915.0,,769.0,20387.0,203.0,,97.0
2021-02-28,SD,112427.0,310122.0,,89.0,6626.0,15.0,,9.0
2021-02-28,TN,775004.0,,,1004.0,18605.0,255.0,,134.0
2021-02-28,TX,2644024.0,,,5696.0,,1740.0,,
2021-02-28,UT,371235.0,1535603.0,,230.0,14695.0,84.0,2308.0,
2021-02-28,VA,576050.0,,171.0,1323.0,24115.0,295.0,,180.0
2021-02-28,VI,2646.0,45225.0,110.0,,,,,
2021-02-28,VT,15198.0,315878.0,,26.0,,8.0,,
2021-02-28,WA,339773.0,,,498.0,19319.0,135.0,,58.0
2021-02-28,WI,617367.0,2626796.0,29.0,290.0,26127.0,73.0,2254.0,
2021-02-28,WI,617367.0,2626796.0,29.0,290.0,26127.0,73.0,2254.0,
2021-02-28,WV,131855.0,,,239.0,,65.0,,34.0
2021-02-28,WY,54394.0,180826.0,,25.0,1382.0,,,
2021-02-27,AK,55989.0,,,43.0,1277.0,,,5.0
2021-02-27,AL,492683.0,1900915.0,,622.0,45428.0,,2650.0,
2021-02-27,AR,319195.0,2389866.0,,475.0,14763.0,172.0,,97.0
2021-02-27,AS,0.0,2140.0,,,,,,
2021-02-27,AZ,815707.0,2986896.0,,1317.0,57508.0,415.0,,220.0
2021-02-27,CA,3470877.0,,,5897.0,,1651.0,,
2021-02-27,CO,427462.0,2167955.0,,393.0,23459.0,,,
2021-02-27,CT,279946.0,,,451.0,,,,
2021-02-27,DC,40478.0,,,171.0,,49.0,,26.0
2021-02-27,DE,86517.0,537607.0,,159.0,,22.0,,
2021-02-27,FL,1868769.0,9162962.0,8421.0,3728.0,80467.0,,,
2021-02-27,GA,1004187.0,,,2405.0,55963.0,,9115.0,
2021-02-27,GU,7735.0,109867.0,,4.0,,1.0,,1.0
2021-02-27,HI,28270.0,,,30.0,2214.0,3.0,,3.0
2021-02-27,HI,28270.0,,,30.0,2214.0,3.0,,3.0
2021-02-27,IA,279744.0,1032263.0,,181.0,,43.0,,18.0
2021-02-27,ID,170907.0,499231.0,,162.0,7065.0,35.0,1229.0,
2021-02-27,IL,1185447.0,,,1353.0,,312.0,,160.0
2021-02-27,IN,660942.0,2451232.0,,800.0,42736.0,138.0,7497.0,73.0
2021-02-27,KS,293663.0,960800.0,,258.0,9249.0,63.0,2510.0,29.0
2021-02-27,KY,403947.0,,,765.0,19090.0,209.0,3968.0,87.0
2021-02-27,LA,428592.0,5116086.0,,651.0,,,,95.0
2021-02-27,MA,579680.0,4340080.0,,785.0,19444.0,204.0,,139.0
2021-02-27,MD,381272.0,2993098.0,,892.0,34927.0,222.0,,
2021-02-27,ME,44492.0,,,74.0,1525.0,24.0,,8.0
2021-02-27,MI,645550.0,,,841.0,,195.0,,93.0
2021-02-27,MI,645550.0,,,841.0,,195.0,,93.0
2021-02-27,MN,483790.0,2999036.0,,263.0,25714.0,60.0,5304.0,
2021-02-27,MO,477950.0,1854790.0,,1209.0,,238.0,,150.0
2021-02-27,MP,143.0,17429.0,,,4.0,,,
2021-02-27,MS,294091.0,1436186.0,,492.0,9012.0,114.0,,69.0
2021-02-27,MT,99837.0,,,68.0,4579.0,13.0,,6.0
2021-02-27,NC,858548.0,,,1414.0,,348.0,,
2021-02-27,ND,99780.0,304810.0,,21.0,3866.0,3.0,565.0,
2021-02-27,NE,200681.0,763406.0,,154.0,6099.0,,,
2021-02-27,NH,75166.0,576446.0,,93.0,1114.0,,345.0,
2021-02-27,NJ,786967.0,9868082.0,,1919.0,63664.0,404.0,,248.0
2021-02-27,NM,184888.0,,,227.0,13097.0,,,
2021-02-27,NV,293488.0,1115359.0,,491.0,,115.0,,67.0
2021-02-27,NY,1622865.0,,,5445.0,,1121.0,,753.0
2021-02-27,OH,966154.0,,,1204.0,50197.0,313.0,7130.0,201.0
2021-02-27,OK,423802.0,3084829.0,2965.0,484.0,23909.0,150.0,,
2021-02-27,OR,154878.0,,,177.0,8570.0,35.0,,16.0
2021-02-27,PA,929697.0,3876216.0,,1785.0,,386.0,,209.0
2021-02-27,PA,929697.0,3876216.0,,1785.0,,386.0,,209.0
2021-02-27,PR,100044.0,305972.0,,174.0,,30.0,,19.0
2021-02-27,RI,126093.0,666805.0,,168.0,8900.0,34.0,,19.0
2021-02-27,SC,515072.0,4485388.0,,865.0,20340.0,221.0,,109.0
2021-02-27,SD,112293.0,309734.0,,91.0,6610.0,22.0,,10.0
2021-02-27,TN,773887.0,,,1038.0,18586.0,251.0,,124.0
2021-02-27,TX,2640209.0,,,5912.0,,1813.0,,
2021-02-27,UT,370770.0,1532559.0,,252.0,14664.0,89.0,2308.0,
2021-02-27,VA,574314.0,,182.0,1374.0,24091.0,303.0,,185.0
2021-02-27,VI,2646.0,45225.0,110.0,,,,,
2021-02-27,VT,15098.0,315231.0,,30.0,,4.0,,
2021-02-27,WA,338822.0,,,498.0,19275.0,135.0,,59.0
2021-02-27,WI,616886.0,2623498.0,53.0,304.0,26088.0,89.0,2254.0,
2021-02-27,WI,616886.0,2623498.0,53.0,304.0,26088.0,89.0,2254.0,
2021-02-27,WV,131580.0,,,237.0,,65.0,,37.0
2021-02-27,WY,54350.0,180826.0,,25.0,1381.0,,,
2021-02-26,AK,55989.0,,,43.0,1277.0,,,5.0
2021-02-26,AL,491849.0,1896419.0,,691.0,45428.0,,2650.0,
2021-02-26,AR,318638.0,2382628.0,,504.0,14747.0,184.0,,98.0
2021-02-26,AS,0.0,2140.0,,,,,,
2021-02-26,AZ,814528.0,2980441.0,,1354.0,57460.0,419.0,,225.0
2021-02-26,CA,3465726.0,,,6152.0,,1725.0,,
2021-02-26,CO,426198.0,2162933.0,,409.0,23438.0,,,
2021-02-26,CT,279946.0,,,451.0,,,,
2021-02-26,DC,40284.0,,,179.0,,50.0,,24.0
2021-02-26,DE,86098.0,536182.0,,156.0,,26.0,,
2021-02-26,FL,1863453.0,9137648.0,8372.0,3864.0,80238.0,,,
2021-02-26,GA,1000822.0,,,2476.0,55778.0,,9087.0,
2021-02-26,GU,7734.0,109867.0,,4.0,,1.0,,1.0
2021-02-26,HI,28166.0,,,30.0,2214.0,3.0,,3.0
2021-02-26,HI,28166.0,,,30.0,2214.0,3.0,,3.0
2021-02-26,IA,279429.0,1030990.0,,196.0,,46.0,,18.0
2021-02-26,ID,170595.0,498100.0,,143.0,7057.0,38.0,1228.0,
2021-02-26,IL,1183667.0,,,1393.0,,336.0,,174.0
2021-02-26,IN,660071.0,2446355.0,,781.0,42708.0,151.0,7490.0,79.0
2021-02-26,KS,293663.0,960800.0,,258.0,9249.0,63.0,2510.0,29.0
2021-02-26,KY,402926.0,,,818.0,18981.0,218.0,3950.0,105.0
2021-02-26,LA,428592.0,5116086.0,,651.0,,,,95.0
2021-02-26,MA,577980.0,4331641.0,,807.0,19444.0,211.0,,137.0
2021-02-26,MD,380436.0,2986551.0,,943.0,34848.0,245.0,,
2021-02-26,ME,44295.0,,,68.0,1519.0,23.0,,9.0
2021-02-26,MI,644125.0,,,841.0,,195.0,,93.0
2021-02-26,MI,644125.0,,,841.0,,195.0,,93.0
2021-02-26,MN,482978.0,2993564.0,,263.0,25683.0,60.0,5295.0,
2021-02-26,MO,477472.0,1851725.0,,1214.0,,238.0,,156.0
2021-02-26,MP,143.0,17429.0,,,4.0,,,
2021-02-26,MS,293542.0,1436186.0,,522.0,9012.0,120.0,,70.0
2021-02-26,MT,99613.0,,,76.0,4571.0,14.0,,7.0
2021-02-26,NC,855905.0,,,1465.0,,367.0,,
2021-02-26,ND,99711.0,304347.0,,21.0,3864.0,2.0,563.0,
2021-02-26,NE,200403.0,762246.0,,166.0,6088.0,,,
2021-02-26,NH,74893.0,575460.0,,95.0,1109.0,,344.0,
2021-02-26,NJ,782833.0,9807667.0,,2008.0,63560.0,439.0,,270.0
2021-02-26,NM,184736.0,,,226.0,13079.0,,,
2021-02-26,NV,293029.0,1114940.0,,509.0,,118.0,,72.0
2021-02-26,NY,1614724.0,,,5626.0,,1132.0,,771.0
2021-02-26,OH,964380.0,,,1235.0,50118.0,308.0,7119.0,214.0
2021-02-26,OK,423023.0,3077988.0,3176.0,526.0,23879.0,150.0,,
2021-02-26,OR,154554.0,,,181.0,8551.0,40.0,,13.0
2021-02-26,PA,926336.0,3863935.0,,1897.0,,403.0,,218.0
2021-02-26,PA,926336.0,3863935.0,,1897.0,,403.0,,218.0
2021-02-26,PR,99860.0,305972.0,,169.0,,28.0,,24.0
2021-02-26,RI,125622.0,665579.0,,168.0,8900.0,34.0,,19.0
2021-02-26,SC,513295.0,4453146.0,,916.0,20275.0,212.0,,113.0
2021-02-26,SD,112107.0,309181.0,,96.0,6591.0,21.0,,8.0
2021-02-26,TN,772513.0,,,1432.0,18553.0,271.0,,134.0
2021-02-26,TX,2629136.0,,,6185.0,,1839.0,,
2021-02-26,UT,370084.0,1529094.0,,254.0,14628.0,94.0,2303.0,
2021-02-26,VA,572639.0,,241.0,1481.0,23978.0,313.0,,187.0
2021-02-26,VI,2636.0,45074.0,103.0,,,,,
2021-02-26,VT,14963.0,314298.0,,25.0,,10.0,,
2021-02-26,WA,337653.0,,,548.0,19224.0,168.0,,62.0
2021-02-26,WI,616018.0,2620297.0,53.0,304.0,26013.0,89.0,2252.0,
2021-02-26,WI,616018.0,2620297.0,53.0,304.0,26013.0,89.0,2252.0,
2021-02-26,WV,131234.0,,,267.0,,62.0,,33.0
2021-02-26,WY,54350.0,180826.0,,25.0,1381.0,,,
2021-02-25,AK,55886.0,,,45.0,1271.0,,,5.0
2021-02-25,AL,491110.0,1891548.0,,722.0,45312.0,,2642.0,
2021-02-25,AR,318122.0,2376434.0,,522.0,14714.0,204.0,,108.0
2021-02-25,AS,0.0,2140.0,,,,,,
2021-02-25,AZ,812907.0,2970392.0,,1385.0,57390.0,415.0,,241.0
2021-02-25,CA,3460326.0,,,6520.0,,1783.0,,
2021-02-25,CO,424677.0,2156899.0,,412.0,23385.0,,,
2021-02-25,CT,279159.0,,,485.0,,,,
2021-02-25,DC,40122.0,,,205.0,,55.0,,26.0
2021-02-25,DE,85801.0,534965.0,,164.0,,26.0,,
2021-02-25,FL,1857670.0,9110793.0,8364.0,3957.0,79956.0,,,
2021-02-25,GA,997388.0,,,2583.0,55604.0,,9036.0,
2021-02-25,GU,7730.0,109535.0,,4.0,,1.0,,1.0
2021-02-25,HI,28088.0,,,34.0,2209.0,5.0,,5.0
2021-02-25,HI,28088.0,,,34.0,2209.0,5.0,,5.0
2021-02-25,IA,278883.0,1029613.0,,227.0,,55.0,,22.0
2021-02-25,ID,170289.0,497063.0,,143.0,7044.0,38.0,1229.0,
2021-02-25,IL,1181226.0,,,1463.0,,334.0,,168.0
2021-02-25,IN,659127.0,2440984.0,,889.0,42672.0,147.0,7467.0,80.0
2021-02-25,KS,292837.0,955931.0,,214.0,9189.0,52.0,2482.0,22.0
2021-02-25,KY,401750.0,,,843.0,18888.0,220.0,3937.0,122.0
2021-02-25,LA,427689.0,5093408.0,,679.0,,,,100.0
2021-02-25,MA,575993.0,4322172.0,,853.0,19444.0,221.0,,142.0
2021-02-25,MD,379466.0,2979131.0,,952.0,34759.0,243.0,,
2021-02-25,ME,44117.0,,,67.0,1521.0,22.0,,8.0
2021-02-25,MI,642868.0,,,821.0,,186.0,,86.0
2021-02-25,MI,642868.0,,,821.0,,186.0,,86.0
2021-02-25,MN,481831.0,2984254.0,,265.0,25625.0,50.0,5287.0,
2021-02-25,MO,477078.0,1848736.0,,1202.0,,257.0,,163.0
2021-02-25,MP,143.0,17429.0,,,4.0,,,
2021-02-25,MS,292811.0,1436186.0,,534.0,9012.0,130.0,,76.0
2021-02-25,MT,99445.0,,,75.0,4567.0,15.0,,6.0
2021-02-25,NC,852981.0,,,1498.0,,373.0,,
2021-02-25,ND,99621.0,303910.0,,25.0,3863.0,4.0,563.0,
2021-02-25,NE,200106.0,760841.0,,160.0,6082.0,,,
2021-02-25,NH,74568.0,574809.0,,97.0,1106.0,,343.0,
2021-02-25,NJ,778963.0,9756055.0,,2032.0,63441.0,438.0,,268.0
2021-02-25,NM,184080.0,,,245.0,13054.0,,,
2021-02-25,NV,292630.0,1111490.0,,532.0,,116.0,,71.0
2021-02-25,NY,1606520.0,,,5703.0,,1124.0,,774.0
2021-02-25,OH,962404.0,,,1262.0,49951.0,338.0,7104.0,215.0
2021-02-25,OK,422156.0,3034289.0,3102.0,491.0,23813.0,145.0,,
2021-02-25,OR,154062.0,,,191.0,8528.0,49.0,,24.0
2021-02-25,PA,922990.0,3852446.0,,1962.0,,421.0,,229.0
2021-02-25,PA,922990.0,3852446.0,,1962.0,,421.0,,229.0
2021-02-25,PR,99619.0,305972.0,,184.0,,35.0,,28.0
2021-02-25,RI,125185.0,663947.0,,163.0,8875.0,34.0,,17.0
2021-02-25,SC,511546.0,4421446.0,,939.0,20195.0,223.0,,128.0
2021-02-25,SD,111964.0,308601.0,,100.0,6589.0,20.0,,12.0
2021-02-25,TN,770940.0,,,1139.0,18506.0,286.0,,137.0
2021-02-25,TX,2621181.0,,,6724.0,,2061.0,,
2021-02-25,UT,369433.0,1525558.0,,248.0,14597.0,87.0,2295.0,
2021-02-25,VA,570982.0,,217.0,1488.0,23871.0,303.0,,183.0
2021-02-25,VI,2623.0,44650.0,102.0,,,,,
2021-02-25,VT,14840.0,313356.0,,30.0,,11.0,,
2021-02-25,WA,336565.0,,,534.0,19211.0,152.0,,60.0
2021-02-25,WI,615225.0,2615455.0,28.0,355.0,25954.0,93.0,2251.0,
2021-02-25,WI,615225.0,2615455.0,28.0,355.0,25954.0,93.0,2251.0,
2021-02-25,WV,130813.0,,,282.0,,74.0,,40.0
2021-02-25,WY,54202.0,180468.0,,20.0,1377.0,,,
2021-02-24,AK,55736.0,,,46.0,1260.0,,,4.0
2021-02-24,AL,490220.0,1885151.0,,773.0,45250.0,,2641.0,
2021-02-24,AR,317396.0,2367951.0,,545.0,14649.0,204.0,,99.0
2021-02-24,AS,0.0,2140.0,,,,,,
2021-02-24,AZ,811968.0,2960197.0,,1449.0,57156.0,430.0,,253.0
2021-02-24,CA,3455361.0,,,6764.0,,1842.0,,
2021-02-24,CO,423558.0,2149917.0,,427.0,23349.0,,,
2021-02-24,CT,278184.0,,,495.0,,,,
2021-02-24,DC,39943.0,,,211.0,,57.0,,31.0
2021-02-24,DE,85506.0,533904.0,,182.0,,27.0,,
2021-02-24,FL,1851151.0,9080964.0,8322.0,4077.0,79675.0,,,
2021-02-24,GA,994061.0,,,2615.0,55394.0,,8999.0,
2021-02-24,GU,7729.0,109164.0,,6.0,,2.0,,2.0
2021-02-24,HI,28050.0,,,37.0,2204.0,6.0,,6.0
2021-02-24,HI,28050.0,,,37.0,2204.0,6.0,,6.0
2021-02-24,IA,278410.0,1027492.0,,233.0,,57.0,,23.0
2021-02-24,ID,169866.0,495851.0,,110.0,7033.0,25.0,1227.0,
2021-02-24,IL,1179342.0,,,1511.0,,338.0,,172.0
2021-02-24,IN,658043.0,2435646.0,,886.0,42635.0,158.0,7445.0,79.0
2021-02-24,KS,292837.0,955931.0,,214.0,9189.0,52.0,2482.0,22.0
2021-02-24,KY,400307.0,,,883.0,18859.0,228.0,3930.0,112.0
2021-02-24,LA,426925.0,5040972.0,,687.0,,,,102.0
2021-02-24,MA,573885.0,4311159.0,,875.0,19444.0,219.0,,151.0
2021-02-24,MD,378490.0,2972600.0,,960.0,34672.0,249.0,,
2021-02-24,ME,43900.0,,,74.0,1515.0,25.0,,7.0
2021-02-24,MI,641270.0,,,855.0,,200.0,,86.0
2021-02-24,MI,641270.0,,,855.0,,200.0,,86.0
2021-02-24,MN,480845.0,2972750.0,,292.0,25579.0,59.0,5284.0,
2021-02-24,MO,476351.0,1843214.0,,1182.0,,244.0,,161.0
2021-02-24,MP,143.0,17429.0,,,4.0,,,
2021-02-24,MS,291891.0,1436186.0,,554.0,9012.0,141.0,,90.0
2021-02-24,MT,99242.0,,,97.0,4559.0,18.0,,12.0
2021-02-24,NC,849630.0,,,1530.0,,380.0,,
2021-02-24,ND,99531.0,303582.0,,28.0,3860.0,5.0,563.0,
2021-02-24,NE,199782.0,759715.0,,178.0,6059.0,,,
2021-02-24,NH,74258.0,573210.0,,103.0,1101.0,,342.0,
2021-02-24,NJ,775386.0,9712105.0,,2070.0,63252.0,435.0,,273.0
2021-02-24,NM,183781.0,,,251.0,13024.0,,,
2021-02-24,NV,292059.0,1108772.0,,534.0,,120.0,,78.0
2021-02-24,NY,1597774.0,,,5876.0,,1154.0,,800.0
2021-02-24,OH,959995.0,,,1338.0,49788.0,356.0,7083.0,236.0
2021-02-24,OK,421010.0,3024431.0,3773.0,591.0,23768.0,161.0,,
2021-02-24,OR,153645.0,,,191.0,8496.0,49.0,,24.0
2021-02-24,PA,920634.0,3843793.0,,1972.0,,433.0,,239.0
2021-02-24,PA,920634.0,3843793.0,,1972.0,,433.0,,239.0
2021-02-24,PR,99519.0,305972.0,,242.0,,46.0,,38.0
2021-02-24,RI,124718.0,662136.0,,168.0,8850.0,32.0,,16.0
2021-02-24,SC,509044.0,4396259.0,,968.0,20117.0,231.0,,129.0
2021-02-24,SD,111808.0,308019.0,,102.0,6570.0,17.0,,9.0
2021-02-24,TN,768946.0,,,1142.0,18430.0,280.0,,148.0
2021-02-24,TX,2613792.0,,,6738.0,,2063.0,,
2021-02-24,UT,368601.0,1521375.0,,252.0,14554.0,91.0,2288.0,
2021-02-24,VA,568946.0,,291.0,1564.0,23798.0,318.0,,185.0
2021-02-24,VI,2613.0,44366.0,117.0,,,,,
2021-02-24,VT,14768.0,312998.0,,32.0,,10.0,,
2021-02-24,WA,335693.0,,,544.0,19160.0,98.0,,58.0
2021-02-24,WI,614260.0,2603118.0,45.0,347.0,25893.0,92.0,2250.0,
2021-02-24,WI,614260.0,2603118.0,45.0,347.0,25893.0,92.0,2250.0,
2021-02-24,WV,130382.0,,,292.0,,74.0,,40.0
2021-02-24,WY,53988.0,180228.0,,25.0,1374.0,,,
2021-02-23,AK,55560.0,,,38.0,1260.0,,,5.0
2021-02-23,AL,488973.0,1882180.0,,762.0,45250.0,,2632.0,
2021-02-23,AR,316593.0,2359571.0,,545.0,14617.0,204.0,,99.0
2021-02-23,AS,0.0,2140.0,,,,,,
2021-02-23,AZ,810658.0,2953210.0,,1515.0,57072.0,447.0,,266.0
2021-02-23,CA,3450058.0,,,6908.0,,1898.0,,
2021-02-23,CO,422390.0,2143029.0,,447.0,23293.0,,,
2021-02-23,CT,276691.0,,,511.0,,,,
2021-02-23,DC,39844.0,,,211.0,,57.0,,31.0
2021-02-23,DE,85228.0,532673.0,,181.0,,27.0,,
2021-02-23,FL,1844228.0,9051605.0,8300.0,4198.0,79410.0,,,
2021-02-23,GA,990821.0,,,2696.0,55167.0,,8967.0,
2021-02-23,GU,7727.0,108733.0,,4.0,,2.0,,2.0
2021-02-23,HI,28000.0,,,37.0,2196.0,7.0,,6.0
2021-02-23,HI,28000.0,,,37.0,2196.0,7.0,,6.0
2021-02-23,IA,277821.0,1025391.0,,227.0,,58.0,,25.0
2021-02-23,ID,169584.0,494773.0,,110.0,7007.0,25.0,1224.0,
2021-02-23,IL,1177320.0,,,1488.0,,361.0,,172.0
2021-02-23,IN,657037.0,2431692.0,,873.0,42557.0,159.0,7438.0,75.0
2021-02-23,KS,291715.0,951784.0,,214.0,9103.0,52.0,2466.0,22.0
2021-02-23,KY,399013.0,,,894.0,18768.0,242.0,3912.0,121.0
2021-02-23,LA,426048.0,5020119.0,,715.0,,,,111.0
2021-02-23,MA,571783.0,4299958.0,,879.0,19176.0,225.0,,147.0
2021-02-23,MD,377628.0,2967660.0,,978.0,34577.0,258.0,,
2021-02-23,ME,43736.0,,,67.0,1511.0,25.0,,7.0
2021-02-23,MI,639712.0,,,891.0,,207.0,,93.0
2021-02-23,MI,639712.0,,,891.0,,207.0,,93.0
2021-02-23,MN,480091.0,2967997.0,,269.0,25528.0,54.0,5276.0,
2021-02-23,MO,475791.0,1840357.0,,1127.0,,234.0,,160.0
2021-02-23,MP,143.0,17429.0,,,4.0,,,
2021-02-23,MS,291222.0,1436186.0,,571.0,9012.0,153.0,,93.0
2021-02-23,MT,99040.0,,,85.0,4554.0,21.0,,13.0
2021-02-23,NC,846284.0,,,1563.0,,384.0,,
2021-02-23,ND,99416.0,303267.0,,31.0,3859.0,5.0,562.0,
2021-02-23,NE,199402.0,758267.0,,166.0,6048.0,,,
2021-02-23,NH,73923.0,571901.0,,112.0,1095.0,,341.0,
2021-02-23,NJ,772267.0,9674485.0,,2047.0,63190.0,451.0,,281.0
2021-02-23,NM,183335.0,,,261.0,12989.0,,,
2021-02-23,NV,291543.0,1106648.0,,581.0,,131.0,,84.0
2021-02-23,NY,1591585.0,,,5977.0,,1176.0,,799.0
2021-02-23,OH,958153.0,,,1359.0,49651.0,366.0,7073.0,242.0
2021-02-23,OK,420212.0,3009878.0,2440.0,602.0,23700.0,168.0,,
2021-02-23,OR,153134.0,,,191.0,8457.0,50.0,,23.0
2021-02-23,PA,917848.0,3834470.0,,1963.0,,418.0,,240.0
2021-02-23,PA,917848.0,3834470.0,,1963.0,,418.0,,240.0
2021-02-23,PR,99476.0,305972.0,,225.0,,43.0,,39.0
2021-02-23,RI,124262.0,660536.0,,170.0,8835.0,32.0,,19.0
2021-02-23,SC,506912.0,4342713.0,,977.0,20024.0,232.0,,126.0
2021-02-23,SD,111546.0,307241.0,,91.0,6548.0,17.0,,10.0
2021-02-23,TN,767315.0,,,1129.0,18363.0,285.0,,158.0
2021-02-23,TX,2606275.0,,,7014.0,,2085.0,,
2021-02-23,UT,367789.0,1517013.0,,271.0,14520.0,95.0,2280.0,
2021-02-23,VA,567039.0,,298.0,1621.0,23698.0,315.0,,196.0
2021-02-23,VI,2589.0,43897.0,117.0,,,,,
2021-02-23,VT,14691.0,312572.0,,37.0,,12.0,,
2021-02-23,WA,334962.0,,,565.0,19110.0,121.0,,55.0
2021-02-23,WI,613419.0,2598601.0,45.0,347.0,25838.0,92.0,2249.0,
2021-02-23,WI,613419.0,2598601.0,45.0,347.0,25838.0,92.0,2249.0,
2021-02-23,WV,130139.0,,,296.0,,78.0,,35.0
2021-02-23,WY,53944.0,179431.0,,21.0,1373.0,,,
2021-02-22,AK,55507.0,,,39.0,1251.0,,,5.0
2021-02-22,AL,487520.0,1877930.0,,862.0,45128.0,,2623.0,
2021-02-22,AR,315759.0,2355211.0,,588.0,14570.0,225.0,,109.0
2021-02-22,AS,0.0,2140.0,,,,,,
2021-02-22,AZ,809474.0,2948102.0,,1590.0,56994.0,478.0,,299.0
2021-02-22,CA,3446611.0,,,7165.0,,2010.0,,
2021-02-22,CO,421294.0,2139035.0,,433.0,23183.0,,,
2021-02-22,CT,275334.0,,,500.0,,,,
2021-02-22,DC,39755.0,,,207.0,,54.0,,33.0
2021-02-22,DE,85090.0,532452.0,,182.0,,19.0,,
2021-02-22,FL,1838745.0,9029719.0,8230.0,4175.0,79096.0,,,
2021-02-22,GA,987041.0,,,2760.0,54883.0,,8931.0,
2021-02-22,GU,7727.0,108141.0,,5.0,,2.0,,2.0
2021-02-22,HI,27953.0,,,54.0,2210.0,24.0,,23.0
2021-02-22,HI,27953.0,,,54.0,2210.0,24.0,,23.0
2021-02-22,IA,277580.0,1024290.0,,222.0,,54.0,,25.0
2021-02-22,ID,169150.0,493294.0,,142.0,6983.0,37.0,1220.0,
2021-02-22,IL,1175655.0,,,1504.0,,377.0,,169.0
2021-02-22,IN,656358.0,2429196.0,,878.0,42500.0,163.0,7411.0,73.0
2021-02-22,KS,291715.0,951784.0,,214.0,9103.0,52.0,2466.0,22.0
2021-02-22,KY,397526.0,,,870.0,18625.0,243.0,3888.0,119.0
2021-02-22,LA,424644.0,4999299.0,,740.0,,,,113.0
2021-02-22,MA,570546.0,4292030.0,,888.0,19176.0,229.0,,140.0
2021-02-22,MD,376966.0,2964696.0,,992.0,34493.0,276.0,,
2021-02-22,ME,43594.0,,,72.0,1508.0,22.0,,6.0
2021-02-22,MI,637928.0,,,841.0,,225.0,,93.0
2021-02-22,MI,637928.0,,,841.0,,225.0,,93.0
2021-02-22,MN,479591.0,2965954.0,,235.0,25478.0,48.0,5264.0,
2021-02-22,MO,475348.0,1838390.0,,1206.0,,244.0,,165.0
2021-02-22,MP,143.0,17429.0,,,4.0,,,
2021-02-22,MS,290874.0,1436186.0,,560.0,8978.0,143.0,,92.0
2021-02-22,MT,98810.0,,,78.0,4527.0,18.0,,11.0
2021-02-22,NC,844770.0,,,1567.0,,383.0,,
2021-02-22,ND,99312.0,302972.0,,38.0,3860.0,7.0,562.0,
2021-02-22,NE,199045.0,757334.0,,161.0,6031.0,,,
2021-02-22,NH,73665.0,571476.0,,109.0,1093.0,,340.0,
2021-02-22,NJ,769109.0,9566182.0,,2023.0,63172.0,438.0,,289.0
2021-02-22,NM,183023.0,,,247.0,12938.0,,,
2021-02-22,NV,291145.0,1103209.0,,580.0,,142.0,,87.0
2021-02-22,NY,1584931.0,,,5804.0,,1148.0,,780.0
2021-02-22,OH,955378.0,,,1374.0,49492.0,367.0,7044.0,250.0
2021-02-22,OK,419853.0,2996195.0,871.0,620.0,23684.0,188.0,,
2021-02-22,OR,152818.0,,,206.0,8403.0,56.0,,24.0
2021-02-22,PA,915018.0,3827159.0,,1963.0,,418.0,,240.0
2021-02-22,PA,915018.0,3827159.0,,1963.0,,418.0,,240.0
2021-02-22,PR,99257.0,305972.0,,233.0,,41.0,,34.0
2021-02-22,RI,123980.0,659066.0,,186.0,8815.0,27.0,,18.0
2021-02-22,SC,505589.0,4342713.0,,993.0,19994.0,231.0,,135.0
2021-02-22,SD,111334.0,306570.0,,91.0,6537.0,10.0,,7.0
2021-02-22,TN,766089.0,,,1128.0,18311.0,295.0,,167.0
2021-02-22,TX,2594466.0,,,6964.0,,2114.0,,
2021-02-22,UT,367073.0,1513740.0,,265.0,14466.0,99.0,2270.0,
2021-02-22,VA,565270.0,,244.0,1540.0,23530.0,318.0,,187.0
2021-02-22,VI,2579.0,43693.0,108.0,,,,,
2021-02-22,VT,14608.0,311508.0,,38.0,,13.0,,
2021-02-22,WA,333794.0,,,608.0,19033.0,123.0,,54.0
2021-02-22,WI,612712.0,2595614.0,46.0,348.0,25775.0,95.0,2247.0,
2021-02-22,WI,612712.0,2595614.0,46.0,348.0,25775.0,95.0,2247.0,
2021-02-22,WV,129854.0,,,294.0,,80.0,,33.0
2021-02-22,WY,53900.0,179431.0,,21.0,1372.0,,,
2021-02-21,AK,55198.0,,,34.0,1243.0,,,4.0
2021-02-21,AL,486843.0,1875829.0,,867.0,44767.0,,2623.0,
2021-02-21,AR,315514.0,2352972.0,,577.0,14540.0,219.0,,114.0
2021-02-21,AS,0.0,2140.0,,,,,,
2021-02-21,AZ,807967.0,2940237.0,,1598.0,56946.0,501.0,,286.0
2021-02-21,CA,3441946.0,,,7313.0,,2073.0,,
2021-02-21,CO,420614.0,2135251.0,,440.0,23169.0,,,
2021-02-21,CT,273101.0,,,535.0,,,,
2021-02-21,DC,39648.0,,,196.0,,52.0,,28.0
2021-02-21,DE,84732.0,531605.0,,175.0,,24.0,,
2021-02-21,FL,1834708.0,9012223.0,8223.0,4160.0,78946.0,,,
2021-02-21,GA,985505.0,,,2778.0,54753.0,,8927.0,
2021-02-21,GU,7720.0,106994.0,,5.0,,2.0,,2.0
2021-02-21,HI,27904.0,,,42.0,2182.0,11.0,,7.0
2021-02-21,HI,27904.0,,,42.0,2182.0,11.0,,7.0
2021-02-21,IA,277268.0,1022903.0,,229.0,,58.0,,27.0
2021-02-21,ID,169150.0,493294.0,,142.0,6983.0,37.0,1220.0,
2021-02-21,IL,1174409.0,,,1468.0,,356.0,,170.0
2021-02-21,IN,655541.0,2428352.0,,870.0,42445.0,161.0,7408.0,80.0
2021-02-21,KS,290832.0,947591.0,,290.0,9071.0,82.0,2457.0,34.0
2021-02-21,KY,396997.0,,,902.0,18601.0,248.0,3883.0,148.0
2021-02-21,LA,424176.0,4992511.0,,756.0,,,,120.0
2021-02-21,MA,569284.0,4284944.0,,927.0,19176.0,234.0,,153.0
2021-02-21,MD,376355.0,2960703.0,,973.0,34439.0,284.0,,
2021-02-21,ME,43497.0,,,75.0,1506.0,24.0,,6.0
2021-02-21,MI,636269.0,,,860.0,,217.0,,107.0
2021-02-21,MI,636269.0,,,860.0,,217.0,,107.0
2021-02-21,MN,479036.0,2960755.0,,282.0,25455.0,59.0,5258.0,
2021-02-21,MO,474997.0,1836185.0,,1234.0,,257.0,,178.0
2021-02-21,MP,143.0,17429.0,,,4.0,,,
2021-02-21,MS,290632.0,1393383.0,,563.0,8978.0,152.0,,89.0
2021-02-21,MT,98779.0,,,78.0,4522.0,18.0,,11.0
2021-02-21,NC,842637.0,,,1647.0,,402.0,,
2021-02-21,ND,99277.0,302885.0,,40.0,3857.0,8.0,562.0,
2021-02-21,NE,198949.0,756992.0,,163.0,6034.0,,,
2021-02-21,NH,73413.0,571296.0,,109.0,1093.0,,339.0,
2021-02-21,NJ,766405.0,9566182.0,,2065.0,63108.0,434.0,,288.0
2021-02-21,NM,182789.0,,,242.0,12916.0,,,
2021-02-21,NV,290972.0,1101946.0,,639.0,,145.0,,103.0
2021-02-21,NY,1578785.0,,,5764.0,,1162.0,,794.0
2021-02-21,OH,953767.0,,,1434.0,49372.0,382.0,7028.0,231.0
2021-02-21,OK,419354.0,2996195.0,871.0,620.0,23667.0,188.0,,
2021-02-21,OR,152711.0,,,206.0,8403.0,56.0,,24.0
2021-02-21,PA,913497.0,3822646.0,,1959.0,,421.0,,253.0
2021-02-21,PA,913497.0,3822646.0,,1959.0,,421.0,,253.0
2021-02-21,PR,99084.0,305972.0,,217.0,,44.0,,37.0
2021-02-21,RI,123821.0,658279.0,,177.0,8870.0,29.0,,18.0
2021-02-21,SC,504149.0,4343561.0,,1013.0,19966.0,240.0,,144.0
2021-02-21,SD,111304.0,306471.0,,90.0,6524.0,17.0,,9.0
2021-02-21,TN,765137.0,,,1128.0,18284.0,300.0,,171.0
2021-02-21,TX,2588101.0,,,7146.0,,2268.0,,
2021-02-21,UT,366735.0,1511410.0,,263.0,14445.0,100.0,2269.0,
2021-02-21,VA,564115.0,,209.0,1548.0,23481.0,306.0,,186.0
2021-02-21,VI,2575.0,43564.0,108.0,,,,,
2021-02-21,VT,14493.0,310790.0,,39.0,,10.0,,
2021-02-21,WA,333794.0,,,608.0,19033.0,123.0,,54.0
2021-02-21,WI,612240.0,2592363.0,31.0,353.0,25743.0,83.0,2242.0,
2021-02-21,WI,612240.0,2592363.0,31.0,353.0,25743.0,83.0,2242.0,
2021-02-21,WV,129616.0,,,289.0,,75.0,,39.0
2021-02-21,WY,53795.0,178648.0,,31.0,1369.0,,,
2021-02-20,AK,55198.0,,,34.0,1243.0,,,4.0
2021-02-20,AL,485986.0,1872725.0,,895.0,44767.0,,2623.0,
2021-02-20,AR,315230.0,2350951.0,,605.0,14526.0,223.0,,103.0
2021-02-20,AS,0.0,2140.0,,,,,,
2021-02-20,AZ,806163.0,2931160.0,,1650.0,56872.0,517.0,,294.0
2021-02-20,CA,3435186.0,,,7747.0,,2168.0,,
2021-02-20,CO,419812.0,2130803.0,,437.0,23156.0,,,
2021-02-20,CT,273101.0,,,535.0,,,,
2021-02-20,DC,39553.0,,,206.0,,53.0,,30.0
2021-02-20,DE,84531.0,530918.0,,178.0,,21.0,,
2021-02-20,FL,1829773.0,8989547.0,8193.0,4213.0,78840.0,,,
2021-02-20,GA,983747.0,,,2840.0,54647.0,,8924.0,
2021-02-20,GU,7716.0,106994.0,,5.0,,2.0,,2.0
2021-02-20,HI,27837.0,,,42.0,2182.0,11.0,,7.0
2021-02-20,HI,27837.0,,,42.0,2182.0,11.0,,7.0
2021-02-20,IA,276966.0,1021641.0,,238.0,,56.0,,24.0
2021-02-20,ID,168953.0,492368.0,,142.0,6973.0,37.0,1219.0,
2021-02-20,IL,1172824.0,,,1551.0,,351.0,,171.0
2021-02-20,IN,654660.0,2421585.0,,923.0,42378.0,172.0,7391.0,78.0
2021-02-20,KS,290832.0,947591.0,,290.0,9071.0,82.0,2457.0,34.0
2021-02-20,KY,396018.0,,,921.0,18555.0,245.0,3871.0,125.0
2021-02-20,LA,422287.0,4967843.0,,806.0,,,,129.0
2021-02-20,MA,567764.0,4276228.0,,970.0,19176.0,246.0,,152.0
2021-02-20,MD,375737.0,2956317.0,,1049.0,34355.0,278.0,,
2021-02-20,ME,43367.0,,,75.0,1505.0,24.0,,6.0
2021-02-20,MI,636269.0,,,860.0,,217.0,,107.0
2021-02-20,MI,636269.0,,,860.0,,217.0,,107.0
2021-02-20,MN,478157.0,2950728.0,,282.0,25426.0,59.0,5249.0,
2021-02-20,MO,474587.0,1833540.0,,1257.0,,275.0,,190.0
2021-02-20,MP,135.0,17429.0,,,4.0,,,
2021-02-20,MS,290242.0,1393383.0,,563.0,8978.0,152.0,,89.0
2021-02-20,MT,98641.0,,,78.0,4517.0,18.0,,11.0
2021-02-20,NC,840096.0,,,1708.0,,409.0,,
2021-02-20,ND,99228.0,302687.0,,39.0,3856.0,8.0,562.0,
2021-02-20,NE,198751.0,756304.0,,170.0,6032.0,,,
2021-02-20,NH,73161.0,570489.0,,109.0,1092.0,,338.0,
2021-02-20,NJ,764374.0,9566182.0,,2145.0,63062.0,454.0,,290.0
2021-02-20,NM,182475.0,,,278.0,12901.0,,,
2021-02-20,NV,290671.0,1100139.0,,639.0,,145.0,,103.0
2021-02-20,NY,1572175.0,,,5977.0,,1162.0,,801.0
2021-02-20,OH,952306.0,,,1454.0,49317.0,386.0,7023.0,239.0
2021-02-20,OK,418318.0,2996195.0,871.0,620.0,23606.0,188.0,,
2021-02-20,OR,152190.0,,,206.0,8403.0,56.0,,24.0
2021-02-20,PA,911591.0,3815778.0,,2060.0,,443.0,,259.0
2021-02-20,PA,911591.0,3815778.0,,2060.0,,443.0,,259.0
2021-02-20,PR,98835.0,305972.0,,215.0,,39.0,,37.0
2021-02-20,RI,123548.0,656943.0,,177.0,8870.0,29.0,,18.0
2021-02-20,SC,501277.0,4309050.0,,1086.0,19899.0,246.0,,144.0
2021-02-20,SD,111165.0,306170.0,,95.0,6509.0,17.0,,9.0
2021-02-20,TN,764008.0,,,1123.0,18267.0,292.0,,165.0
2021-02-20,TX,2583617.0,,,7535.0,,2321.0,,
2021-02-20,UT,366034.0,1507875.0,,260.0,14421.0,99.0,2269.0,
2021-02-20,VA,561812.0,,195.0,1594.0,23436.0,312.0,,186.0
2021-02-20,VI,2575.0,43564.0,108.0,,,,,
2021-02-20,VT,14359.0,309335.0,,39.0,,11.0,,
2021-02-20,WA,332904.0,,,608.0,18969.0,123.0,,59.0
2021-02-20,WI,611789.0,2588501.0,41.0,370.0,25716.0,96.0,2240.0,
2021-02-20,WI,611789.0,2588501.0,41.0,370.0,25716.0,96.0,2240.0,
2021-02-20,WV,129364.0,,,292.0,,77.0,,42.0
2021-02-20,WY,53683.0,178648.0,,31.0,1367.0,,,
2021-02-19,AK,55198.0,,,34.0,1243.0,,,4.0
2021-02-19,AL,485212.0,1867861.0,,951.0,44767.0,,2619.0,
2021-02-19,AR,314713.0,2348207.0,,630.0,14500.0,237.0,,108.0
2021-02-19,AS,0.0,2140.0,,,,,,
2021-02-19,AZ,804116.0,2918905.0,,1738.0,56732.0,563.0,,334.0
2021-02-19,CA,3428518.0,,,8156.0,,2291.0,,
2021-02-19,CO,418695.0,2126610.0,,451.0,23101.0,,,
2021-02-19,CT,273101.0,,,535.0,,,,
2021-02-19,DC,39461.0,,,209.0,,48.0,,24.0
2021-02-19,DE,84181.0,529807.0,,173.0,,20.0,,
2021-02-19,FL,1822644.0,8956962.0,8100.0,4298.0,78590.0,,,
2021-02-19,GA,980411.0,,,2973.0,54434.0,,8898.0,
2021-02-19,GU,7715.0,106994.0,,5.0,,2.0,,2.0
2021-02-19,HI,27778.0,,,42.0,2182.0,11.0,,7.0
2021-02-19,HI,27778.0,,,42.0,2182.0,11.0,,7.0
2021-02-19,IA,276621.0,1020693.0,,241.0,,60.0,,26.0
2021-02-19,ID,168639.0,491263.0,,164.0,6964.0,37.0,1218.0,
2021-02-19,IL,1170902.0,,,1596.0,,366.0,,190.0
2021-02-19,IN,653245.0,2416621.0,,948.0,42333.0,179.0,7383.0,88.0
2021-02-19,KS,290832.0,947591.0,,290.0,9071.0,82.0,2457.0,34.0
2021-02-19,KY,394687.0,,,923.0,18438.0,265.0,3853.0,131.0
2021-02-19,LA,422287.0,4967843.0,,806.0,,,,129.0
2021-02-19,MA,565794.0,4267078.0,,990.0,19176.0,258.0,,163.0
2021-02-19,MD,374974.0,2951435.0,,1016.0,34265.0,272.0,,
2021-02-19,ME,43224.0,,,87.0,1503.0,29.0,,7.0
2021-02-19,MI,635446.0,,,860.0,,217.0,,107.0
2021-02-19,MI,635446.0,,,860.0,,217.0,,107.0
2021-02-19,MN,477287.0,2943682.0,,282.0,25368.0,59.0,5240.0,
2021-02-19,MO,474021.0,1830931.0,,1254.0,,287.0,,194.0
2021-02-19,MP,135.0,17429.0,,,4.0,,,
2021-02-19,MS,289892.0,1393383.0,,560.0,8978.0,154.0,,87.0
2021-02-19,MT,98377.0,,,96.0,4506.0,18.0,,12.0
2021-02-19,NC,836650.0,,,1780.0,,411.0,,
2021-02-19,ND,99153.0,301973.0,,36.0,3847.0,11.0,561.0,
2021-02-19,NE,198442.0,755340.0,,185.0,6009.0,,,
2021-02-19,NH,72767.0,568939.0,,116.0,1092.0,,338.0,
2021-02-19,NJ,761498.0,9566182.0,,2202.0,62958.0,443.0,,300.0
2021-02-19,NM,182050.0,,,278.0,12891.0,,,
2021-02-19,NV,290300.0,1098605.0,,670.0,,154.0,,106.0
2021-02-19,NY,1564483.0,,,6155.0,,1199.0,,834.0
